District,Sector,Heath facilty name,Code
Rwamagana ,Nyakaliro,Friendly Clinic,3074
Rubavu ,Gisenyi,ABI Mobile Dental Clinic,2772
Kicukiro ,Niboye,Acacia Renal Care Ltd,3384
Gasabo ,Kimironko,Active Life Physiotherapy ltd,1664
Gasabo ,Remera,ADA  Dental CLIN,1115
Gasabo ,Kimironko,Advanced Dental Center Ltd,1568
Nyarugenge ,Nyarugenge,Advanced Medical Diagnostics Clin,2627
Gisagara ,Kigembe,Agahabwa CS,1554
Gisagara ,Mukindo,Agatunda HP,3149
Gasabo ,Kimihurura,AHA Clinic,1281
Gasabo ,Kinyinya,AIM LIFECARE LTD,3287
Nyarugenge ,Gitega,Akabahizi HP,2733
Gisagara ,Musha,Akabanga(Musha)HP,3081
Nyarugenge ,Gitega,Akabeza II HP,2735
Ngoma ,Mugesera,Akabungo HP,1953
Ngoma ,Rurenge,Akagarama HP,1954
Gisagara ,Kansi,Akambogo HP,3067
Rwamagana ,Muyumbu,Akinyambo HP,2587
Gasabo ,Rusororo,ALLIANCE ARENA CLINIC,3195
Gasabo ,Rusororo,Alpha Bisenga HP,2857
Nyarugenge ,Kigali,Amizero Rwesero HP,3304
Huye ,Ngoma (Huye District),ARBEF HUYE,1556
Nyarugenge ,Muhima,ARBEF Muhima,1104
Musanze ,Muhoza,ARBEF Musanze,1535
Rusizi ,Kamembe,ARBEF Rusizi,1537
Karongi ,Rubengera,ARBEF/Karongi Clinic,1314
Nyabihu ,Bigogwe,Arusha CS,206
Nyaruguru ,Muganza (Nyaruguru District),ASFA Physiotherapy and Rehabilitation Center,3326
Nyarugenge ,Gitega,Asterie HP,2734
Gasabo ,Remera,Avega Clinic,13
Rwamagana ,Muhazi,Avega Rwamagana CS,547
Kicukiro ,Masaka,Ayabaraya HP,2183
Nyarugenge ,Nyarugenge,Babyl Health Clin,1682
Rubavu ,Nyundo,Bahimba HP,2781
Kamonyi ,Runda,Baho Gitare HP,2895
Gasabo ,Remera,Baho International Hospital,1659
Bugesera ,Juru,Baho Juru HP,2865
Bugesera ,Ntarama,Baho Kanzenze HP,2872
Rwamagana ,Munyiginya,Baho Nyarubuye-Munyiginya HP,3001
Bugesera ,Ruhuha,Bahoneza Bihari HP,2876
Nyamagabe ,Gatare,Bakopfu HP,2465
Ngororero ,NYANGE,Bambiro HP,3253
Nyamasheke ,Rangiro,BANDA HP,2001
Kirehe ,Kigina,Baraka Medical Clin (Kirehe),2753
Nyamagabe ,Gasaka,Baraka Medical Clin (Nyamagabe),2859
Rubavu ,Rugerero,Basa HP,2779
Nyabihu ,Bigogwe,Basumba HP,3118
Bugesera ,Rweru,Batima (Batima) HP,1723
Bugesera ,Rweru,Batima (Mbuganzeli) SGHP,2438
Gasabo ,Kinyinya,Batsinda HP,1782
Gisagara ,Mugombwa,Baziro HP,2474
Gasabo ,Rusororo,Beatrice Polyclinic,1684
Kicukiro ,Nyarugunga,Bella Vitae Medical Clin,2365
Bugesera ,Nyamata,Benefactor David Clin,1394
Gasabo ,Kimironko,Beri Clin,1667
Rusizi ,Kamembe,Beta Clin,2558
Kicukiro ,Kanombe,Bethanie Medical Clinic,2171
Kicukiro ,Kicukiro,Bethsaida CS,29
Gasabo ,Gikomero,Bibare (Kimironko) HP,3310
Nyagatare ,MIMURI,Bibare (Mimuri) HP,2712
Kamonyi ,Nyamiyaga,Bibungo (Nyamiyaga) HP,2686
Nyarugenge ,Kanyinya,Bibungo HP,2672
Rwamagana ,Karenge,BICACA HP,2133
Rwamagana ,Mwulire,Bicumbi HP,2721
Nyarugenge ,Muhima,Bien Naitre CLIN,1121
Nyabihu ,Bigogwe,Bigogwe MHC,207
Karongi ,Rwankuba,Bigugu CS,1662
Karongi ,Ruganda,Biguhu CS,154
Bugesera ,Kamabuye,Biharagu HP,1700
Nyaruguru ,Ngoma (Nyaruguru),BIHEMBE HP,2838
Gicumbi ,Rutare,Bikumba HP,2831
Gakenke ,Busengo,Birambo Busengo HP,2677
Karongi ,Gashari,Birambo CS,155
Muhanga ,Rongi,Birehe HP,1921
Nyabihu ,Rambura,Birembo CS,208
Muhanga ,Cyeza,Biringaga HP,2401
Rutsiro ,Mushonyi,Biruyi CS,177
Burera ,Kinoni,Birwa HP,1727
Nyarugenge ,Nyarugenge,Biryogo CS,1
Burera ,Rwerere,Bisaga I HP,3396
Musanze ,Kinigi,Bisate CS,308
Karongi ,Mubuga,Bisesero (karongi) CS,617
Rubavu ,Nyakiriba,Bisizi(Rubavu) HP,3212
Nyaruguru ,Ngera,Bitare (Ngera) HP,2054
Kamonyi ,Karama (Kamonyi District),Bitare-Kinkeri HP,1858
Rutsiro ,Ruhango (Rutsiro  District),Bitenga CS,178
Rubavu ,Gisenyi,Blessed F H Ltd (Rubavu) CLIN,2368
Ruhango ,Ruhango,Blessed F H Ltd (Ruhango) CLIN,1372
Nyarugenge ,Muhima,BMC,1107
Nyarugenge ,Kigali,BT David HealthCare Clin,3198
Rulindo ,Murambi (Rulindo),Bubangu CS,1426
Nyagatare ,RWEMPASHA,Bubare (Rwempasha) HP,1978
Nyagatare ,RWEMPASHA,BUBARE HP,2919
Karongi ,Rubengera,Bubazi CS,156
Rwamagana ,Musha (Rwamagana  District),Budahanda SGHP,2457
Rulindo ,CYINZUZI,Budakiranya HP,2701
Muhanga ,Kiyumba,Budende HP,1922
Nyagatare ,MUKAMA,Bufunda HP,2860
Burera ,Kinyababa,Bugamba HP,2730
Kayonza ,Ruramira,Bugambira PS,1480
Nyagatare ,RWIMIYAGA,Bugaragara CS,366
Nyagatare ,RWIMIYAGA,BUGARAGARA HP,2920
Gatsibo ,Rugarama (Gatsibo District),Bugarama (Rugarama) PS,1609
Rusizi ,Muganza (Rusizi District),Bugarama (rusizi) CS,237
Nyamagabe ,Kibirizi (Nyamagabe District),Bugarama Munazi HP,3011
Nyamagabe ,Kibirizi (Nyamagabe District),Bugarama PS,495
Gatsibo ,Remera (Gatsibo District),Bugarura CS,386
Rutsiro ,Boneza,Bugarura HP,2123
Rusizi ,Nkombo,Bugarura HP,2948
Bugesera ,Rilima,Bugesera Prison,456
Rubavu ,Bugeshi,Bugeshi CS,1232
Kamonyi ,Rukoma,Bugoba HP,1859
Kamonyi ,Rukoma,Buguli HP,2540
Kayonza ,Murundi (Kayonza District),Buhabwa CS,496
Ruhango ,Bweramana,Buhanda HP,3050
Gakenke ,Gakenke,Buheta HP,1766
Rutsiro ,Kivumu,BUHOKO HP,2124
Nyamagabe ,Tare,BUHORO (Nyamagabe) HP,1989
Ruhango ,Ruhango,Buhoro (Ruhango) HP,2613
Huye ,Karama (Huye),BUHORO KARAMA Health Post,3388
Gakenke ,Kivuruga,Buhuga HP,2618
Rutsiro ,Nyabirasi,BUKANDA HP,2125
Kirehe ,Nyamugari,Bukora CS,419
Burera ,Kivuye,Bukwashuri HP,2570
Gicumbi ,Nyamiyaga (Gicumbi  District),Bulimbi HP,3293
Gakenke ,Muyongwe,Bumba HP,1767
Gasabo ,Bumbogo,Bumbogo (ex-Gikomero I) CS,552
Gasabo ,Bumbogo,Bumbogo PS,1599
Nyaruguru ,Rusenge,Bunge HP,2938
Burera ,Bungwe,Bungwe (burera) CS,320
Ngororero ,BWIRA,Bungwe (ngororero) Fosacom,629
Kayonza ,Murama,Bunyetongo HP,3276
Ruhango ,Ruhango,BUNYOGOMBE HP,2083
Kamonyi ,Karama (Kamonyi District),Bunyonga HP,1860
Rutsiro ,Kivumu,Bunyoni HP,2742
Burera ,Gahunga,Buramba (Burera) HP,3290
Muhanga ,Kabacuzi,Buramba CS,128
Musanze ,Kimonyi,Buramira HP,2528
Gakenke ,Nemba (Gakenke),Buranga HP,2731
Gakenke ,Nemba (Gakenke),Burangava HP,2882
Rulindo ,BUREGA,Burega CS,1425
Huye ,Maraba,Buremera (Maraba) HP,3083
Rubavu ,Rubavu,Burinda HP,2778
Rubavu ,Bugeshi,BURINGO HP,2071
Musanze ,Cyuve,Buruba (Cyuve)HP,2521
Nyamagabe ,Buruhukiro,Buruhukiro CS,1343
Karongi ,Bwishyura,Burunga SGHP,3350
Kicukiro ,Kanombe,Busanza CS,30
Rubavu ,Busasamana (Rubavu District),Busasamana CS,195
Kayonza ,Rwinkwavu,Busasamana Mukoyoyo HP,3275
Gakenke ,Busengo,Busengo CS,287
Gatsibo ,Kageyo (Gatsibo District),Busetsa HP,2608
Gicumbi ,Shangasha,Bushara CS,333
Nyagatare ,Karama (Nyagatare),Bushara HP,2489
Nyamasheke ,Bushekeri,Bushekeri HP,2738
Nyamasheke ,Bushenge,Bushenge CS,252
Nyamasheke ,Bushenge,Bushenge PH,253
Burera ,Bungwe,Bushenya HP,1729
Burera ,Bungwe,Bushenya II SGHP,3037
Bugesera ,Mareba,Bushenyi HP,2765
Nyagatare ,Nyagatare,Bushoga HP,3058
Gakenke ,Kivuruga,Bushoka CS,288
Gakenke ,Rusasa,Bushoka HP,2769
Rubavu ,Cyanzarwe,Busigari CS,1656
Musanze ,Busogo,Busogo CS,309
Nyanza ,Busoro,Busoro CS,37
Kamonyi ,Kayumbu,Busoro HP,1861
Huye ,Gishamvu,Busoro-gishamvu CS,81
Nyabihu ,Karago,Busoro-Karago HP,3117
Rutsiro ,Nyabirasi,Busuku HP,3348
Nyarugenge ,Mageragere,Butamwa CS,2
Rusizi ,Butare,Butanda HP,2939
Nyanza ,Kigoma,BUTANSINDA HP,2029
Nyanza ,Kigoma,BUTARA HP,2030
Gasabo ,Nduba,Butare (Nduba) HP,3148
Gicumbi ,Nyankenke,Butare (Nyankenke) HP,2646
Huye ,Ngoma (Huye District),Butare Chu Hnr (huye),82
Nyamasheke ,Gihombo,Butare Gihombo HP,3188
Gakenke ,Muzo,Butare Muzo HP,1768
Burera ,Butaro,Butaro CS,321
Burera ,Butaro,Butaro L2TH,322
Nyamasheke ,Gihombo,Butembo HP,2825
Gakenke ,Busengo,Butereri HP,2533
Nyamagabe ,Mushubi,BUTETERI HP,1990
Kirehe ,Gahara,Butezi HP,2748
Huye ,Mukura,Buvumu HP,3231
Nyamasheke ,Bushekeri,Buvungira HP,3240
Gakenke ,Mataba,Buyange HP,2448
Rulindo ,BUYOGA,Buyoga CS,271
Gakenke ,Muhondo,Bwenda  HP,2879
Gakenke ,Muhondo,Bwenda (Gakenke)HP,2850
Nyamagabe ,Kibumbwe,Bwenda HP,2466
Gasabo ,Jabana,Bweramvura HP,1783
Kicukiro ,Gikondo,Bwerankori HP,3294
Rulindo ,MASORO,Bweranyange HP,3157
Gisagara ,Ndora,Bweya HP,2408
Rusizi ,Bweyeye,Bweyeye MHC,238
Gicumbi ,Bwisige,Bwisige CS,334
Kirehe ,Mpanga,Bwiyorere HP,3280
Gisagara ,Kansi,Bwiza (Kansi) HP,3170
Kayonza ,Mukarange (Kayonza District),Bwiza (Mukarange) SGHP,3162
Rwamagana ,Muhazi,Bwiza HP,2460
Nyarugenge ,Muhima,Bwiza medical clinic and Diagnostic center Clin,2803
Rubavu ,Rubavu,Byahi (rubavu) CS,196
Gakenke ,Busengo,Byibuhiro HP,2531
Ruhango ,Byimana,Byimana CS,113
Gasabo ,Gisozi,Byimanamusezero HP,2853
Huye ,Kinazi,Byinza Kinazi HP,3143
Gisagara ,Muganza,Byiza HP,1837
Karongi ,Mutuntu,Byogo HP,2636
Gicumbi ,Byumba,Byumba CS,335
Gicumbi ,Byumba,Byumba L2TH,336
Nyarugenge ,Nyarugenge,Cabinet dentaire,1469
Nyarugenge ,Nyarugenge,Cabinet Medical Soins pour tous,1109
Nyarugenge ,Muhima,Cabinet MÃ©d Pediatrie,1108
Gicumbi ,Kageyo (Gicumbi),Camp Gihembe CS,461
Gatsibo ,Gatsibo,Camp Nyabiheke CS,463
Gasabo ,Ndera,Caraes Ndera Hnr,14
Kicukiro ,Kicukiro,Carrefour CLIN,657
Nyarugenge ,Nyarugenge,Centre MÃ©dical BAHO,1110
Nyarugenge ,Nyarugenge,Centre MÃ©dical BNR,1111
Nyarugenge ,Rwezamenyo,Centre MÃ©dical Chinois,1112
Gasabo ,Remera,Centre MÃ©dical Orkide,1113
Gasabo ,Kacyiru,Centre MÃ©dical SOS,1114
Nyarugenge ,Nyarugenge,Charite Digestive Charity Clin,3112
Rubavu ,Gisenyi,Charity Medical (Rubavu) Clin,2354
Nyarugenge ,Nyarugenge,Chinoise CLIN,1117
Nyarugenge ,Nyarugenge,CHK(CHUK) HNR,3
Huye ,Tumba (Huye),City Medhub Clinic,2154
Gatsibo ,Ngarama,CityClinic,3391
Rubavu ,Nyakiriba,Clinic General de Mahoko Clin,2632
Nyarugenge ,Kimisagara,Clinic Imagerie,1473
Gatsibo ,Kabarore,Clinic Psycho-Medical la charite LTD,3077
Kayonza ,Mukarange (Kayonza District),Clinic Shalom,3020
Gasabo ,Rusororo,Clinique Dentaire St Joseph,1639
Nyarugenge ,Nyarugenge,Clinique Ewsa CLIN,1485
Bugesera ,Ruhuha,Clinique General Iwacu Ltd,2814
Nyarugenge ,Nyarugenge,Clinique Medicale Prive CLIN,656
Nyanza ,Busasamana,Cliniques des Grands Lacs Clin,2710
Kayonza ,Kabarondo,Clique de la Grace Clin,2835
Gasabo ,Ndera,CM Imirasire Youth Clinic,3321
Gakenke ,Coko,Coko (ruli) CS,289
Nyaruguru ,Cyahinda,Coko CS,67
Nyarugenge ,Kimisagara,Cor-unum CS,4
Rutsiro ,Gihango,Crete Congo Nil CS,179
Kamonyi ,Kayenzi,Cubi HP,1862
Kamonyi ,Nyamiyaga,Cubi KAYENZI HP,2891
Gicumbi ,Manyagiro,Cumi nikenda (Manyagiro) HP,1611
Kirehe ,Gatore,Curazo HP,2727
Huye ,Ngoma (Huye District),CUSP Butare CS,83
Musanze ,Muhoza,Cyabararika HP,1941
Nyagatare ,Nyagatare,Cyabayaga CS,367
Nyagatare ,Nyagatare,Cyabayaga HP,2490
Gakenke ,Cyabingo,Cyabingo CS,290
Gatsibo ,Gitoki,Cyabusheshe HP,1804
Nyagatare ,GATUNDA,Cyagaju HP,2723
Burera ,Rugarama,Cyahi HP,3289
Nyaruguru ,Cyahinda,Cyahinda CS,68
Kirehe ,Nasho,Cyambwe (Nasho) HP,2599
Kirehe ,Mushikiri,Cyamigurwa HP,1909
Gicumbi ,Mukarange,Cyamuganga HP,3040
Gicumbi ,Muko (Gicumbi  District),Cyamuhinda PS,1613
Gisagara ,Ndora,Cyamukuza HP,2407
Gicumbi ,Ruvune,Cyandaro HP,1617
Burera ,Cyanika (Burera  District),Cyanika (burera) CS,605
Nyamagabe ,Cyanika,Cyanika (nyamagabe) CS,98
Nyabihu ,Rurembo,CYANIKA HP,1968
Kirehe ,Kigarama (Kirehe  District),Cyanya 2nd GHP,2602
Karongi ,Gishyita,Cyanya HP,1881
Musanze ,Cyuve,Cyanya HP,2527
Rwamagana ,Kigabiro,Cyanya HP,2547
Karongi ,Gishyita,Cyanya PS,2153
Nyaruguru ,Kivu,Cyanyirankora HP,2971
Ruhango ,Mbuye,CYANZA HP,2084
Rubavu ,Cyanzarwe,CYANZARWE HP,2072
Nyanza ,Rwabicuma,Cyaratsi CS,38
Kayonza ,Kabare,Cyarubare CS,404
Rusizi ,Muganza (Rusizi District),Cyarukara HP,3123
Huye ,Tumba (Huye),Cyarwa HP,3015
Nyanza ,Muyira,CYEGERA HP,2928
Nyagatare ,KIYOMBE,CYEMIYAGA HP,2906
Nyagatare ,RWEMPASHA,Cyenjonjo HP,3033
Nyanza ,Mukingo,CYEREZO HP,2031
Kamonyi ,Mugina,Cyeru CS,142
Gicumbi ,Rwamiko,Cyeru HP,2509
Gicumbi ,Rukomo (Gicumbi),Cyeya HP,2510
Muhanga ,Cyeza,Cyeza Notre Dame de Lourdes HP,1923
Rusizi ,Nkanka,CYIBUMBA HP,2103
Rutsiro ,Kigeyo,Cyimbili CS,180
Nyamasheke ,Karambi,Cyimpindu HP,2746
Nyamasheke ,Kirimbi,Cyimpindu HP,3334
Rusizi ,Gitambi,CYINGWA HP,2104
Rusizi ,Gitambi,Cyingwa-Kabugarama HP,3265
Rulindo ,CYINZUZI,Cyinzuzi CS,2980
Nyamasheke ,Karambi,Cyivugiza (Nyamasheke) CS,1393
Musanze ,Muko,Cyivugiza HP,1942
Rulindo ,MASORO,Cyivugiza(Masoro) HP,3161
Nyagatare ,KIYOMBE,Cyondo CS,368
Gatsibo ,Gitoki,Cyoto HP,3332
Gasabo ,Jali,Cyuga HP,1785
Bugesera ,Ntarama,Cyugaro HP,1710
Gicumbi ,Cyumba,Cyumba CS,1346
Nyaruguru ,Rusenge,Cyuna HP,2432
Kirehe ,Gatore,Cyunuzi HP,3163
Gisagara ,Ndora,Dahwe HP,2574
Gasabo ,Remera,Deus Est Neuro-Rehabilitation Center and Clin,2689
Gasabo ,Remera,Deva Medical Center Clin,1690
Rusizi ,Kamembe,Dialysis Center_Gihundwe,2164
Rubavu ,Gisenyi,Dialysis Center_Gisenyi,2163
Bugesera ,Nyamata,Divine grace medical Clinic,3103
Gasabo ,Kimironko,Doctor's Plaza CLIN,1119
Kicukiro ,Niboye,Don de Dieu (Kicukiro) CLIN,1120
Nyarugenge ,Rwezamenyo,Don de Dieu (Nyarugenge) Clin,1152
Kicukiro ,Masaka,Dothan Clin,1687
Gasabo ,Remera,Dr Julieta B Lucs Dental Clinic,1468
Kicukiro ,Gatenga,Dream Medical Center Hospital,2367
Kicukiro ,Kigarama,Dutabarane Clin,1158
Gisagara ,Kibirizi,Duwane HP,1833
Muhanga ,Nyamabuye,Ebenezer Stone Dental Clin,3109
Rubavu ,Gisenyi,Elysium Healthcare Rwanda Clin,3297
Nyarugenge ,Nyarugenge,EPDU Africa Digital Clinic,3196
Gasabo ,Bumbogo,Espoir Medical Clinic,3147
Nyarugenge ,Muhima,Faith Clinic,1214
Nyarugenge ,Kigali,Family Medical Clinic,3053
Gasabo ,Remera,Frontier Polyclinic,3006
Nyaruguru ,Ngoma (Nyaruguru),Fugi HP,2724
Rwamagana ,Fumbwe,Fumbwe PS,652
Nyamasheke ,Mahembe,GABIRO HP,2002
Musanze ,Gacaca,Gacaca CS,3216
Rubavu ,Gisenyi,Gacuba Ii CS,197
Rubavu ,Gisenyi,GACUBA II HP,2073
Burera ,Butaro,Gacyamo HP,2975
Burera ,Kinoni,Gafuka PS,2568
Huye ,Rusatira,Gafumba HP,2369
Ruhango ,Mwendo,Gafunzo HP,2708
Rubavu ,Busasamana (Rubavu District),Gahanda (Busasamana) HP,2043
Nyanza ,Busasamana,GAHANDA HP,2925
Kicukiro ,Gahanga,Gahanga CS,31
Musanze ,Nkotsi,Gahanga Rugeshi HP,1951
Kirehe ,Gahara,Gahara CS,420
Bugesera ,Nyamata,Gahembe HP,2711
Rubavu ,Kanzenze,Gahenerezo HP,2780
Rwamagana ,Gahengeri,Gahengeri CS,497
Kayonza ,Gahini,Gahini CS,405
Kayonza ,Gahini,Gahini DH,406
Muhanga ,Nyamabuye,Gahogo HP,1924
Nyanza ,Kigoma,Gahombo CS,600
Nyabihu ,Rurembo,Gahondo HP,2429
Nyanza ,Busasamana,GAHONDO HP,2033
Burera ,Gahunga,Gahunga CS,586
Nyaruguru ,Kivu,Gahurizo HP,2699
Nyagatare ,RWIMIYAGA,Gakagati SGHP,1979
Nyabihu ,Muringa,Gakamba CS,209
Bugesera ,Mayange,Gakamba HP,1704
Nyamasheke ,Rangiro,Gakenge(Rangiro) HP,3071
Gatsibo ,Kiramuruzi,Gakenke CS,387
Rutsiro ,Mushonyi,Gakeri HP,2678
Ruhango ,Ntongwe,GAKO (NTONGWE) HP,2085
Nyamasheke ,Kagano,Gako HP,2141
Gisagara ,Mamba,Gakoma CS,53
Gisagara ,Mamba,Gakoma DH,54
Kayonza ,Murundi (Kayonza District),Gakoma HP,1894
Gisagara ,Mamba,Gakoma New Life HP,2443
Bugesera ,Mareba,Gakomeye HP,2464
Gatsibo ,Kiramuruzi,GAKONI-KIRAMURUZI PS,1608
Musanze ,Gacaca,Gakoro HP,1943
Gatsibo ,Muhura,Gakorokombe HP,2534
Musanze ,Cyuve,Gakoromurora HP,2750
Bugesera ,Musenyi,Gakurazo CS,446
Gasabo ,Kimironko,Galien Clin,1670
Musanze ,Musanze,Garuka HP,2648
Musanze ,Musanze,Garuro_Musanze HP,2529
Gasabo ,Rutunga,Gasabo HP,1786
Gasabo ,Kacyiru,Gasabo Medical Clinic,2773
Gasabo ,Kimironko,Gasabo Prison,27
Muhanga ,Rongi,Gasagara (ex-birehe) CS,127
Gisagara ,Gikonko,Gasagara (Gikonko) HP,2595
Gasabo ,Rusororo,Gasagara HP,1787
Musanze ,Gacaca,Gasakuza PS,621
Nyanza ,Busoro,GASAMBU RUKINGIRO HP,2926
Gicumbi ,Ruvune,Gasambya HP,2511
Gatsibo ,Gasange,Gasange CS,388
Gasabo ,Nduba,Gasanze HP,1788
Kayonza ,Mwiri,Gasarabwayi (Mwiri) HP,2459
Kirehe ,Musaza,Gasarabwayi HP,1910
Nyamagabe ,Musange,GASAVE (MUSANGE) HP,1991
Muhanga ,Rugendabari,Gasave (RUGENDABARI) HP,1925
Nyamasheke ,Karengera,GASAYO HP,2004
Gicumbi ,Mutete,Gaseke (MUTETE) HP,1812
Burera ,Ruhunde,Gaseke (RUHUNDE) HP,1731
Rusizi ,Nyakabuye,Gaseke HP,2116
Rusizi ,Nyakabuye,Gaseke/Nyakabuye HP,3266
Kamonyi ,Nyarubaka,Gaserege HP,2892
Ngoma ,Remera (Ngoma  District),Gasetsa CS,625
Musanze ,Gashaki,Gashaki CS,602
Ngoma ,Gashanda,Gashanda CS,1660
Burera ,Kivuye,Gashanje HP,1732
Muhanga ,Nyamabuye,Gasharu (Nyamabuye) HP,2791
Nyamasheke ,Karengera,GASHASHI HP,2005
Nyamasheke ,Bushenge,gasheke HP,3069
Gicumbi ,Ruvune,Gashirira HP,2512
Kirehe ,Gahara,Gashongora CS,421
Ngororero ,MATYAZO,Gashonyi CS,472
Bugesera ,Gashora,Gashora CS,447
Muhanga ,Nyabinoni,Gashorera HP,1926
Ngororero ,BWIRA,Gashubi CS,223
Rulindo ,BUSHOKI,GASIZA (BUSHOKI) HP,2099
Burera ,Cyanika (Burera  District),Gasiza (CYANIKA) HP,1733
Nyabihu ,Jomba,Gasiza (Jomba) HP,2775
Musanze ,Cyuve,Gasiza (musanze) CS,310
Nyabihu ,Mukamira,Gasizi HP,2427
Gasabo ,Ndera,Gasogi PS,1605
Nyanza ,Kigoma,Gasoro HP,2405
Muhanga ,Rugendabari,Gasovu CS,129
Huye ,Maraba,Gasumba HP,2580
Rusizi ,Butare,GASUMO HP,2105
Nyabihu ,Jomba,Gasura (Jomba) HP,2687
Kayonza ,Nyamirama,Gasura Gikaya HP,3356
Nyagatare ,KIYOMBE,Gataba (Kiyombe) HP,2610
Gakenke ,Rusasa,Gataba (Rusasa) HP,3206
Nyabihu ,Karago,GATAGARA (KARAGO) HP,1970
Nyanza ,Mukingo,Gatagara (Nyanza) CS,39
Kamonyi ,Nyarubaka,Gatagara (NYARUBAKA) HP,1863
Kamonyi ,Runda,Gatagara (Runda) HP,2952
Nyanza ,Mukingo,Gatagara -Nyamuko HP,3325
Nyanza ,Mukingo,Gatagara HP,2415
Bugesera ,Ruhuha,Gatanga HP,1719
Musanze ,Gataraga,Gataraga (MUSANZE) CS,1103
Kirehe ,Kigina,Gatarama (Kigina) HP,3177
Nyamasheke ,Macuba,Gatare (macuba) CS,254
Rwamagana ,Nyakaliro,Gatare (Nyakaliro) HP,3004
Burera ,Rugengabari,Gatare (RUGENGABALI) HP,1734
Rutsiro ,Ruhango (Rutsiro  District),GATARE (RUHANGO) HP,2126
Karongi ,Twumba,Gatare (twumba) CS,157
Rusizi ,Nkungu,GATARE HP,3194
Nyamasheke ,Kanjongo,Gatebe (Kanjongo) HP,2566
Nyagatare ,RWIMIYAGA,Gatebe (Rwimiyaga) HP,639
Burera ,Gatebe,Gatebe CS,1560
Rubavu ,Nyamyumba,Gateko HP,3223
Kicukiro ,Gatenga,Gatenga MHC,1306
Gicumbi ,Mukarange,Gatenga PS,1612
Musanze ,Muhoza,Gateway Clinic Musanze Ltd,3144
Nyabihu ,Mukamira,Gateway medical Clinic,2784
Nyanza ,Muyira,Gati HP,2426
Gicumbi ,Giti,Gatobotobo II HP,1610
Gicumbi ,Kaniga,Gatoma HP,1813
Gakenke ,Mugunga,Gatonde CS,291
Gakenke ,Mugunga,Gatonde DH,2755
Kirehe ,Gatore,Gatore HP,1911
Gisagara ,Kigembe,Gatovu (Kigembe) HP,2475
Gisagara ,Musha,Gatovu (Musha) HP,2476
Musanze ,Busogo,Gatovu HP,2522
Rubavu ,Nyundo,Gatovu(Nyundo) 2 HP,3256
Huye ,Ruhashya,Gatovu(Ruhashya)HP,3136
Gasabo ,Gatsata,Gatsata 1 HP,1789
Gasabo ,Gatsata,Gatsata 2 HP,1790
Gasabo ,Gatsata,Gatsata CS,2351
Gatsibo ,Gatsibo,Gatsibo CS,606
Burera ,Butaro,Gatsibo HP,1735
Rusizi ,Gihundwe,Gatsiro HP,1521
Gicumbi ,Rubaya,Gatuna SGHP,1814
Nyagatare ,GATUNDA,Gatunda DH,2716
Rubavu ,Nyamyumba,Gatyazo HP,2074
Nyarugenge ,Nyarugenge,Gentle Dental Clin,2170
Gasabo ,Gikomero,Gicaca HP,1600
Gicumbi ,Byumba,Gicumbi Cabinet Medical,1445
Gicumbi ,Miyove,Gicumbi Prison,1102
Muhanga ,Nyamabuye,Gifumba HP,3370
Kamonyi ,Runda,Gihara CS,143
Kamonyi ,Runda,Gihara HP,1864
Rusizi ,Gihundwe,GIHAYA HP,2106
Rusizi ,Giheke,Giheke CS,651
Bugesera ,Ngeruka,Gihembe Izere HP,3131
Nyaruguru ,Nyabimata,Gihemvu HP,2709
Nyagatare ,MUKAMA,Gihengeri SGHP,2472
Bugesera ,Shyara,Gihinga CS,448
Gakenke ,Muhondo,Gihinga HP,2352
Bugesera ,Nyarugenge (Bugesera District),Gihinga HP,3167
Kamonyi ,Gacurabwenge,GIHIRA HP,3279
Gasabo ,Jali,Gihogwe CS,513
Nyabihu ,Kabatwa,Gihorwe HP,1971
Rusizi ,Kamembe,Gihundwe CS,240
Rusizi ,Kamembe,Gihundwe DH,241
Nyagatare ,Karama (Nyagatare),Gikagati 3 HP,2491
Nyagatare ,Karama (Nyagatare),Gikagati HP,3292
Kamonyi ,Kayumbu,Giko HP,2976
Gatsibo ,Rwimbogo (Gatsibo District),Gikobwa HP,1800
Ruhango ,Ruhango,Gikoma HP,3130
Gakenke ,Mataba,Gikombe HP,1769
Muhanga ,Nyarusange,Gikomero (Kabgayi) CS,1322
Gasabo ,Gikomero,Gikomero II CS,654
Kicukiro ,Gikondo,Gikondo CS,32
Gisagara ,Gikonko,Gikonko (Gisagara) MHC,55
Gisagara ,Kansi,Gikore CS,56
Rusizi ,Gikundamvura,Gikundamvura CS,1340
Bugesera ,Ruhuha,Gikundamvura SGHP,1720
Rulindo ,BUYOGA,Gipfundo HP,2790
Rusizi ,Nzahaha,Gira ubuzima HP/Kabuhanda HP,2945
Nyagatare ,Rukomo (Nyagatare),Girubuzima Gahurura 2 HP,1562
Gasabo ,Nduba,Girubuzima Gasura HP,3369
Nyagatare ,Karangazi,Girubuzima Karama HP,2669
Nyarugenge ,Rwezamenyo,Girubuzima Rwezamenyo HP,2044
Rubavu ,Rugerero,GISA HP,2075
Gisagara ,Ndora,Gisagara CS,57
Huye ,Maraba,Gisagara Maraba HP,3125
Nyamasheke ,Bushekeri,Gisakura CS,255
Huye ,Simbi,Gisakura HP,1846
Ruhango ,Kinazi (Ruhango  District),GISALI HP,2086
Ruhango ,Mbuye,GISANGA HP,2087
Nyaruguru ,Ruheru,Gisanze HP,2937
Karongi ,Mutuntu,Gisayura HP,2637
Rubavu ,Gisenyi,Gisenyi CS,198
Rubavu ,Gisenyi,Gisenyi DH,199
Gicumbi ,Rubaya,Gishambashayo HP,1815
Rwamagana ,Gishali,Gishari(Police) CS,354
Muhanga ,Kibangu,Gisharu HP,1927
Gatsibo ,Nyagihanga,Gishikiri HP,2447
Rwamagana ,Nyakaliro,Gishore HP,2966
Gisagara ,Gishubi,Gishubi CS,612
Nyagatare ,TABAGWE,Gishuro HP,2922
Nyagatare ,TABAGWE,Gishuro IDP HP,2923
Nyagatare ,TABAGWE,Gishuro model village HP,2924
Ruhango ,Mwendo,Gishweru CS,114
Gicumbi ,Rukomo (Gicumbi),Gisiza CS,337
Rutsiro ,Musasa,Gisiza HP,2739
Karongi ,Gishyita,Gisiza PS,2149
Burera ,Gahunga,Gisizi HP,1736
Nyamasheke ,Mahembe,GISOKE HP,2006
Karongi ,Twumba,Gisovu CS,158
Burera ,Cyanika (Burera  District),Gisovu HP,2956
Gakenke ,Nemba (Gakenke),Gisozi HP,3151
Nyamasheke ,Kagano,Gitaba HP,3186
Rulindo ,MBOGO,Gitabage HP,3024
Bugesera ,Musenyi,Gitagata Rehabilitation Center,2867
Rulindo ,RUSIGA,Gitanda HP,3159
Nyamagabe ,Gasaka,Gitantu HP,2620
Kayonza ,Gahini,Gitara HP,3283
Kayonza ,Kabare,Gitara HP,3330
Ngoma ,Murama (Ngoma  District),Gitaraga HP,1536
Karongi ,Bwishyura,Gitarama (Bwishyura) SGHP,2590
Muhanga ,Shyogwe,Gitarama CS,130
Burera ,Kagogo,Gitare CS,323
Kamonyi ,Nyarubaka,Gitare HP,2532
Rulindo ,KISARO,Gitatsa HP,2409
Muhanga ,Kibangu,Gitega (kibangu) CS,131
Nyarugenge ,Gitega,Gitega (Kigarama) HP,2987
Gisagara ,Mukindo,Gitega (Mukindo) HP,2577
Rutsiro ,Mushubati,Gitega (Mushubi) HP,2182
Karongi ,Rugabano,Gitega (Rugabano) HP,2151
Nyarugenge ,Gitega,Gitega Polyclinic Saint Robert,3065
Nyagatare ,GATUNDA,Gitenga (Gatunda) HP,2771
Nyagatare ,KIYOMBE,GITENGA HP,2907
Nyagatare ,TABAGWE,Gitengure HP,2785
Gicumbi ,Bukure,Giti CS,338
Kirehe ,Nyarubuye,Gitika HP,2798
Nyaruguru ,Ruheru,Gitita HP,3111
Gatsibo ,Gitoki,Gitoki CS,561
Gakenke ,Ruli,Gitonde HP,1779
Nyanza ,Busoro,Gitovu (Busoro) HP,2423
Huye ,Kinazi,Gitovu (kinazi) HP,615
Huye ,Kinazi,Gitovu CS,3193
Burera ,Ruhunde,Gitovu HP,1737
Ngoma ,Rukira,Gituku CS,433
Rulindo ,BUYOGA,Gitumba HP,3106
Gatsibo ,Kageyo (Gatsibo District),Gituza (Kageyo) HP,2563
Ngoma ,Rukumberi,Gituza (Rukumberi) HP,2524
Gatsibo ,Kageyo (Gatsibo District),Gituza CS,389
Nyamasheke ,Gihombo,GITWA (GIHOMBO) HP,2007
Ngororero ,KAVUMU,Gitwa (Kavumu) HP,3381
Rutsiro ,Mushubati,Gitwa (Mushubati) HP,2127
Karongi ,Rubengera,Gitwa HP,2591
Ruhango ,Bweramana,Gitwe CS,115
Ruhango ,Bweramana,Gitwe DH,116
Gasabo ,Remera,GLAMERC Policlinic,1440
Gasabo ,Rusororo,Good Hope CLIN,1122
Kicukiro ,Kicukiro,Goodlife Ivuriro Clinic,3382
Rubavu ,Cyanzarwe,Gora SGHP,3209
Nyaruguru ,Mata,GORWE HP,2056
Gasabo ,Kimironko,Grand Lac Clin,2167
Nyabihu ,Jomba,Guriro CS,3273
Bugesera ,Nyarugenge (Bugesera District),Halleluya HP,3175
Nyamasheke ,Macuba,Hanika (nyamasheke) CS,256
Nyanza ,Busasamana,Hanika I (NYANZA) CS,40
Rutsiro ,Manihira,HANIRO HP,2128
Nyarugenge ,Muhima,Harmony Clin,1222
Nyagatare ,Katabagemu,Health Africa Rubira HP,2609
Gasabo ,Kimironko,Healthy Minds Counselling Clinic Ltd,3199
Gisagara ,Gishubi,Hemba HP,2593
Kicukiro ,Kagarama,Heritage Medical Park Clin,1654
Nyamasheke ,Karengera,Higiro HP,3375
Ngororero ,HINDIRO,Hindiro FOSACOM,474
Gisagara ,Mamba,Hitayezu EM SGHP,3337
Gatsibo ,Kabarore,Hope (Kabarore) Clinic,2799
Bugesera ,Nyamata,Hope (Nyamata) Clinic,2800
Kicukiro ,Kanombe,Hope Medical Center(Polyclinic),3327
Gasabo ,Remera,Hopital Croix du Sud,466
Rubavu ,Gisenyi,Horanubuzima (Rubavu) CLIN,1439
Gasabo ,Remera,Horebu Medical Clin,2628
Kicukiro ,Kanombe,Horebu Medical Clinic Kabeza,2861
Muhanga ,Rongi,Horezo HP,2451
Gicumbi ,Mutete,HP Kabeza (Mutete) HP,2757
Nyarugenge ,Muhima,Humanhood Clinics,2817
Gasabo ,Gisozi,Humanius CLIN,1294
Kayonza ,Mukarange (Kayonza District),Humura HP,3021
Bugesera ,Mayange,Humura Medical Centre,3263
Gatsibo ,Remera (Gatsibo District),Humure CS,390
Nyagatare ,MIMURI,Hunga PS,640
Gakenke ,Muhondo,Huro HP,1770
Huye ,Ngoma (Huye District),Huye Isange Rehabilitation Center,2821
Huye ,Ngoma (Huye District),Huye Police CS,84
Huye ,Ngoma (Huye District),Huye Prison,90
Nyanza ,Mukingo,HVP Gatagara,1355
Kicukiro ,Gikondo,HVP Gatagara_Gikondo,1653
Gasabo ,Kimironko,I CARE DENTAL CLINIC,3115
Huye ,Mukura,Icyeru HP,2752
Bugesera ,Kamabuye,Iganze HP,1701
Nyanza ,Busasamana,Igihozo Medical Clin,1387
Gisagara ,Muganza,Igihozo(Muganza)HP,3169
Kicukiro ,Kanombe,Igisubizo Medical Clin,1368
Kicukiro ,Gikondo,Igwe Clinic LTD,2670
Ngoma ,Jarama,Ihanika HP,1955
Nyamasheke ,Kagano,Ihirwe Medical Clin,2364
Nyarugenge ,Muhima,Ihumure (Nyabugogo) HP,2993
Nyarugenge ,Gitega,Ihumure HP,2986
Gicumbi ,Byumba,Ihumure Medical CLIN,1129
Nyamasheke ,Ruharambuga,Ihumure(Ntendezi) HP,3270
Kicukiro ,Nyarugunga,Ijabo Clin,2820
Bugesera ,Nyamata,Imanzi (Bugesera) Clin,2355
Nyarugenge ,Nyarugenge,Imboni CLIN,1123
Rwamagana ,Muyumbu,Imena HP,3068
Nyamasheke ,Bushenge,Impala HP,3187
Bugesera ,Ruhuha,IMPANO Dental Clinic,3104
Gisagara ,Kansi,Impinga HP,1835
Bugesera ,Nyamata,Impinganzima HP,2874
Bugesera ,Nyarugenge (Bugesera District),Impore (Gihinga) HP,3264
Nyarugenge ,Nyarugenge,Impore HP,2875
Gasabo ,Rutunga,Indatemwa(Gasabo)HP,3250
Kamonyi ,Musambira,INEZA BUHORO HP,3197
Huye ,Karama (Huye),Ineza NR KIBINGO Health Post,3387
Muhanga ,Nyamabuye,Ineza Polyclinic LTD,1624
Gasabo ,Kimironko,Infinity Medical and Dental Clin,3366
Ruhango ,Ruhango,Ingenzi Medical Clinic,2796
Nyarugenge ,Nyakabanda,Ingobyi HP,2983
Kicukiro ,Gikondo,Inkuru Nziza Orthopedic Hosp,1578
Nyamagabe ,Gasaka,Inshuti Medical Clin,1694
Nyarugenge ,Kigali,Inshuti Nyabikoni HP,2932
Rwamagana ,Gishali,Irakiza HP,2428
Gicumbi ,Byumba,Iramiro (Byumba) Clin,1546
Gasabo ,Rusororo,Iramiro CLIN,1124
Rwamagana ,Mwulire,Iramiro HP,3205
Gasabo ,Remera,Iranzi Clin,1679
Kamonyi ,Rugarika,Ireme HP,3354
Huye ,Ngoma (Huye District),IRISA Medical Clin,2363
Kayonza ,Ndego,Isangano (Ndego) HP,1895
Kayonza ,Rwinkwavu,Isangano (Rwinkwavu) HP,2707
Gasabo ,Kinyinya,Isange Dental Clinic,3309
Rubavu ,Mudende,Isange Rwanyakayaga HP,3302
Nyagatare ,MIMURI,ISANGE_RUGARI HP,2913
Nyarugenge ,Nyamirambo,Isango Medical CLIN,1128
Nyanza ,Busasamana,Isezerano Medical Clin,1693
Rusizi ,Nkombo,ishywa HP,2397
Rusizi ,Bugarama,Islamic (Bugarama) CS,242
Nyarugenge ,Kanyinya,Itetero HP,2815
Kamonyi ,Rugarika,Ituze HP,3093
Nyarugenge ,Muhima,Ivuriro Alpha Rugenge HP,3234
Gasabo ,Gatsata,Ivuriro Isangano Clinic,1295
Musanze ,Busogo,Iwacu Byangabo Ltd Clin,3062
Rutsiro ,Boneza,Iwawa CS,1533
Gasabo ,Kacyiru,Izere (Gasabo) HP,3014
Nyabihu ,Mukamira,Jaba HP,2586
Gasabo ,Jali,Jali CS,16
Gasabo ,Jali,Jali HP,3172
Gakenke ,Janja,Janja CS,292
Rwamagana ,Fumbwe,Janjagiro HP,1390
Ngoma ,Jarama,Jarama CS,434
Nyamasheke ,Gihombo,JARAMA HP,2008
Nyabihu ,Jenda,Jenda (nyabihu) HP,636
Nyamagabe ,Musange,Jenda (nyamagabe) CS,99
Kamonyi ,Mugina,Jenda HP,1866
Nyabihu ,Jomba,Jomba CS,210
Nyabihu ,Jomba,Jomba HP,1972
Kicukiro ,Niboye,Jubilee Dental  Clinic,1467
Kayonza ,Gahini,Juru (Gahini) PS,1618
Bugesera ,Juru,Juru CS,603
Nyamasheke ,Rangiro,JURWE HP,2009
Nyamagabe ,Kibirizi (Nyamagabe District),Kaambo Gitwa HP,3008
Kamonyi ,Runda,Kabagesera HP,2543
Bugesera ,Shyara,Kabagugu HP,3072
Kayonza ,Kabare,Kabare PS,1498
Rubavu ,Kanzenze,Kabari (Rubavu) CS,647
Kayonza ,Kabarondo,Kabarondo (kayonza) CS,407
Gatsibo ,Kabarore,Kabarore CS,391
Nyarugenge ,Muhima,Kabasengerezi HP,3204
Nyabihu ,Kabatwa,Kabatwa CS,212
Ngororero ,KABAYA,Kabaya CS,224
Ngororero ,KABAYA,Kabaya DH,225
Burera ,Kagogo,Kabaya HP,1738
Musanze ,Musanze,Kabazungu HP,1944
Nyarugenge ,Nyamirambo,Kabeho HP,2452
Rutsiro ,Kivumu,Kabere (Kivumu) HP,2743
Nyaruguru ,Nyabimata,Kabere (Nyabimata) HP,2057
Musanze ,Muko,Kabere CS,311
Rulindo ,BASE,Kabeza (Base) HP,3191
Musanze ,Cyuve,Kabeza (Kivuye) HP,2567
Nyarugenge ,Muhima,Kabeza (Muhima) HPx,2811
Bugesera ,Rilima,Kabeza (RIRIMA) HP,1717
Gicumbi ,Rubaya,Kabeza (RUBAYA) HP,1816
Gatsibo ,Rwimbogo (Gatsibo District),Kabeza (Rwimboho) HP,2145
Nyagatare ,RWIMIYAGA,Kabeza (Rwimiyaga) HP,2766
Nyagatare ,GATUNDA,Kabeza Heza (Gatunda) HP,2493
Gatsibo ,Kabarore,Kabeza-Imena Health Post,1607
Muhanga ,Nyamabuye,Kabgayi CS,132
Muhanga ,Nyamabuye,Kabgayi L2TH,133
Rutsiro ,Boneza,Kabihogo HP,2404
Nyaruguru ,Rusenge,Kabilizi CS,69
Nyanza ,Nyagisozi,Kabirizi HP,1515
Musanze ,Gacaca,Kabirizi Mata HP,3140
Musanze ,Cyuve,Kabirizi(Cyuve) HP,2520
Gisagara ,Gishubi,Kabisindu HP,3155
Gicumbi ,Rushaki,Kabo (RUSHAKI) HP,1817
Gicumbi ,Rushaki,Kabo HP,1615
Rutsiro ,Rusebeya,Kabona CS,181
Burera ,Rusarabuye,Kabona HP,1739
Gicumbi ,Kageyo (Gicumbi),Kabuga (Kageyo) HP,2513
Nyagatare ,Karama (Nyagatare),Kabuga (karama Nyagatare) CS,369
Nyamasheke ,Karambi,KABUGA (KARAMBI) HP,2010
Kicukiro ,Masaka,Kabuga (kicukiro) CS,33
Gicumbi ,Manyagiro,Kabuga (Manyagiro) HP,2947
Rutsiro ,Mukura (Rutsiro  District),Kabuga (Mukura) HP,2740
Kirehe ,Musaza,Kabuga (Musaza) HP,2676
Kamonyi ,Ngamba,Kabuga (NGAMBA) HP,1867
Kamonyi ,Ngamba,Kabuga (ntamba Kamonyi) CS,144
Nyanza ,Nyagisozi,KABUGA (NYAGISOZI) HP,2035
Ruhango ,Mbuye,Kabuga (rugango) HP,648
Rulindo ,Ngoma (Rulindo),Kabuga (Rulindo) HP,2702
Gasabo ,Rusororo,Kabuga (Rusororo) HP,3146
Nyamagabe ,Cyanika,Kabuga Gitega HP,2564
Nyagatare ,Karama (Nyagatare),Kabuga HP,2494
Kamonyi ,Kayenzi,KABUGA II Unity HP,3358
Gicumbi ,Nyamiyaga (Gicumbi  District),Kabuga(Nyamiyaga)HP,3218
Bugesera ,Juru,Kabukuba HP,1698
Rubavu ,Bugeshi,Kabumba HP,2801
Gisagara ,Mamba,Kabumbwe HP,2597
Kayonza ,Nyamirama,Kabura PS,1621
Huye ,Ngoma (Huye District),KABUREMERA BWIZA HEALTH POST,3389
Nyamasheke ,Kirimbi,KABURIRO HP,2011
Huye ,Simbi,Kabusanza HP,1857
Nyarugenge ,Nyakabanda,Kabusunzu CS,6
Gatsibo ,Rwimbogo (Gatsibo District),Kabusunzu HP,3051
Huye ,Ngoma (Huye District),Kabutare DH,85
Bugesera ,Gashora,Kabuye (Gashora) HP,2470
Muhanga ,Kabacuzi,Kabuye (Kabacuzi) HP,2422
Kirehe ,Mpanga,Kabuye (kirehe) CS,422
Gasabo ,Jabana,Kabuye CS,17
Rusizi ,Nyakarenzo,Kabuye HP,2944
Karongi ,Gishyita,KABWENGE HP,2896
Gasabo ,Kacyiru,Kacyiru CS,18
Gasabo ,Kacyiru,Kacyiru DH,19
Rusizi ,Nzahaha,Kacyiru-Nzahaha HP,2109
Nyanza ,Cyabakamyi,Kadaho HP,2036
Nyamagabe ,Kaduha,Kaduha CS,100
Nyamagabe ,Kaduha,Kaduha DH,101
Karongi ,Mubuga,KAGABIRO HP,2897
Gicumbi ,Nyamiyaga (Gicumbi  District),Kagamba Franchise HP,1500
Burera ,Kinyababa,Kaganda HP,1740
Bugesera ,Ngeruka,Kagano HP,2399
Rusizi ,Gihundwe,Kagara HP,3047
Rusizi ,Mururu,Kagarama (Mururu) HP,2949
Rwamagana ,Musha (Rwamagana  District),Kagarama HP,2458
Nyamasheke ,Bushekeri,KAGARAMA HP,2012
Nyamasheke ,Mahembe,KAGARAMA(Gabiro) SG HP,3247
Bugesera ,Mwogo,Kagasa (Mwogo) SGHP,2680
Kirehe ,Nyamugari,Kagasa (Nyamugari) HP,2768
Bugesera ,Gashora,Kagasa HP,2607
Bugesera ,Mayange,Kagenge HP,2868
Bugesera ,Mwogo,Kagerero HP,2871
Kirehe ,Nasho,Kagese HP,1912
Rubavu ,Busasamana (Rubavu District),Kageshi HP,3238
Gatsibo ,Kageyo (Gatsibo District),Kageyo (gatsibo) CS,392
Ngororero ,Kageyo (Ngororero),Kageyo (Ngororero) CS,1538
Kayonza ,Mwiri,Kageyo I (Kayonza Gahini) CS,594
Rwamagana ,Gahengeri,Kagezi HP,2797
Kamonyi ,Runda,Kagina HP,2544
Burera ,Cyanika (Burera  District),Kagitega HP,1741
Nyagatare ,Matimba,Kagitumba CS,370
Nyagatare ,Matimba,Kagitumba HP,2495
Nyagatare ,Matimba,KAGITUMBA HP,2909
Gicumbi ,Giti,Kagogo HP,1818
Gakenke ,Gakenke,Kagoma HP,3233
Bugesera ,Gashora,Kagomasi HP,2181
Gasabo ,Kinyinya,Kagugu CS,20
Gasabo ,Kinyinya,Kagugu HP,3063
Kicukiro ,Gikondo,Kagunga (Gikondo) HP,3085
Nyanza ,Ntyazo,Kagunga HP,1507
Kayonza ,Gahini,Kahi HP,3328
Kicukiro ,Kanombe,Kairos CS,1647
Rulindo ,NTARABANA,Kajevuba CS,272
Gasabo ,Jali,Kajevuba HP,1791
Ngororero ,HINDIRO,Kajinge HP,1967
Bugesera ,Kamabuye,Kamabuye CS,449
Rusizi ,Nkombo,Kamagimbo HP,2942
Nyagatare ,Nyagatare,Kamagiri PS,1501
Nyaruguru ,Munini,Kamana HP,2468
Nyaruguru ,Munini,KAMANA MUNINI HP,2842
Burera ,Cyanika (Burera  District),Kamanyana HP,1742
Rusizi ,Giheke,Kamashangi HP,3202
Burera ,Cyeru,Kamata HP,2561
Nyagatare ,Karangazi,KAMATE HP,1980
Gasabo ,Kinyinya,Kami HP,2968
Gakenke ,Busengo,Kamina HP,1772
Karongi ,Murundi,Kamina-Murundi-Nyakarambi HP,3098
Musanze ,Remera (Musanze  District),Kamisave HP,1945
Gakenke ,Kivuruga,Kamomo HP,3054
Kamonyi ,Gacurabwenge,Kamonyi (gacurabwenge) CS,145
Nyamasheke ,Ruharambuga,Kamonyi (ruharambuga) CS,257
Gakenke ,Rusasa,Kamonyi (Rusasa) HP,2770
Kamonyi ,Gacurabwenge,Kamonyi HP,2719
Kamonyi ,Musambira,KAMONYI MPUSHI II HP,3278
Gakenke ,Kamubuga,Kamubuga CS,483
Nyarugenge ,Kimisagara,Kamuhoza HP,2045
Gasabo ,Kimihurura,Kamukina HP,2982
Rusizi ,Gitambi,KAMUKOBE HP,2107
Musanze ,Musanze,Kamumba HP,3126
Rusizi ,Gashonga,Kamurehe HP,3142
Rulindo ,KISARO,Kamushenyi HP,2410
Musanze ,Nkotsi,Kamusheshe Nkotsi HP,3362
Gicumbi ,Rushaki,Kamutoma HP,2884
Gicumbi ,Rushaki,Kamutora HP,2645
Gasabo ,Kacyiru,Kamutwa HP,2959
Huye ,Rwaniro,Kamwambi HP,2584
Nyamasheke ,Ruharambuga,Kanazi Baho HP,2827
Bugesera ,Nyamata,Kanazi HP,1713
Rwamagana ,Karenge,Kangamba HP,2456
Gicumbi ,Kaniga,Kaniga HP,1819
Kirehe ,Mpanga,Kankobwa(Manga) HP,2997
Nyagatare ,RWIMIYAGA,KANOMBE HP,1981
Gisagara ,Kansi,Kansi CS,58
Karongi ,Gitesi,Kanunga HP,2589
Gatsibo ,Rugarama (Gatsibo District),Kanyangese Health Post,1801
Nyagatare ,Katabagemu,Kanyeganyege HP,2787
Ngororero ,NGORORERO,Kanyenyeri HP,2635
Nyarugenge ,Kanyinya,Kanyinya MHC,1337
Burera ,Gahunga,Kanyirarebe HP,3336
Gasabo ,Gatsata,Kanyonyomba Nyamugari (Gatsata) HP,2863
Nyagatare ,Matimba,Kanyonza HP,3032
Bugesera ,Ntarama,Kanzenze HP,1711
Gicumbi ,Bukure,Karagali HP,2517
Rubavu ,Kanzenze,Karagarago HP,3222
Huye ,Karama (Huye),Karama (huye) CS,86
Kamonyi ,Karama (Kamonyi District),Karama (Kamonyi) CS,1666
Kicukiro ,Kanombe,Karama (Kanombe) HP,3088
Kayonza ,Murama,Karama (kayonza) CS,408
Ngoma ,Kibungo,Karama (KIbungo) HP,2525
Nyarugenge ,Kigali,Karama (Kigali) HP,2454
Nyanza ,Ntyazo,KARAMA HP,2037
Nyanza ,Ntyazo,KARAMA SHARI HP,2929
Huye ,Kigoma (Huye District),Karambi (KIGOMA) HP,1849
Gatsibo ,Ngarama,Karambi (NGARAMA) HP,1802
Nyamasheke ,Karambi,Karambi (nyamasheke) CS,258
Ruhango ,Kabagali,Karambi (ruhango) CS,117
Gicumbi ,Bukure,Karambo (BUKURE) HP,1820
Gakenke ,Karambo,Karambo (gakenke) CS,293
Rubavu ,Kanama,KARAMBO (KARAMA) HP,2076
Nyagatare ,KIYOMBE,Karambo (Kiyombe) SGHP,2496
Gicumbi ,Nyamiyaga (Gicumbi  District),Karambo (Nyamiyaga) HP,2638
Rubavu ,Kanama,Karambo (rubavu) CS,200
Rulindo ,CYINZUZI,Karambo Cyinzuzi HP,3184
Kamonyi ,Ngamba,Karangara CS,146
Nyagatare ,Karangazi,Karangazi CS,371
Nyabihu ,Jenda,Kareba CS,213
Ngoma ,Karembo,Karembo CS,3272
Ngoma ,Karembo,Karembo HP,1957
Kicukiro ,Gahanga,Karembure HP,2691
Rwamagana ,Karenge,Karenge CS,355
Ngoma ,Jarama,Karenge HP,3371
Nyamasheke ,Kirimbi,Karengera CS,259
Burera ,Kagogo,Karinga HP,2548
Karongi ,Rugabano,Karongi (gisunzu) Police CS,159
Karongi ,Mubuga,Karora CS,160
Gatsibo ,Gitoki,Karubungo HP,1499
Gakenke ,Kivuruga,Karuhunge HP,2617
Nyagatare ,KIYOMBE,KARUJUMBA HP,2908
Rutsiro ,Murunda,Karumbi CS,182
Gasabo ,Gatsata,Karuruma HP,3383
Rusizi ,Gihundwe,Karushaririza HP,3230
Nyagatare ,RWIMIYAGA,KARUSHUNGA HP,1982
Musanze ,Cyuve,Karwasa CS,312
Nyagatare ,Katabagemu,Katabagemu CS,372
Nyarugenge ,Kimisagara,Katabaro HP,2989
Nyanza ,Ntyazo,Katarara HP,2440
Rubavu ,Nyundo,Kavomo HP,3080
Musanze ,Busogo,Kavumu (BUSOGO) HP,1947
Ruhango ,Byimana,KAVUMU (BYIMANA) HP,2088
Nyabihu ,Jomba,KAVUMU (JOMBA) HP,1973
Karongi ,Twumba,Kavumu (TWUMBA) HP,1883
Muhanga ,Kabacuzi,Kavumu HP,2794
Gasabo ,Rutunga,Kayanga CS,21
Burera ,Kagogo,Kayenzi (KAGOGO) HP,1743
Ruhango ,Ntongwe,KAYENZI (NTONGWE) HP,2089
Kamonyi ,Kayenzi,Kayenzi CS,147
Rulindo ,BUSHOKI,Kayenzi HP,3224
Kamonyi ,Kayenzi,Kayenzi-Kirwa HP,3242
Rutsiro ,Ruhango (Rutsiro  District),Kayove CS,183
Bugesera ,Nyamata,Kayumba HP,1714
Bugesera ,Musenyi,Kayumbo HP,2869
Kamonyi ,Kayumbu,Kayumbu CS,2845
Kamonyi ,Kayumbu,Kayumbu-Gaseke HP,2894
Nyabihu ,Shyira,Kazirankara HP,2541
Kirehe ,Nyamugari,Kazizi HP,2762
Ngoma ,Kazo,Kazo CS,3271
Ngoma ,Kazo,Kazo PS,1661
Gasabo ,Kimironko,Kibagabaga HP,2858
Gasabo ,Kimironko,Kibagabaga L2TH,22
Rusizi ,Bugarama,KIBANGIRA HP,2108
Gasabo ,Gikomero,Kibara HP,2431
Ngoma ,Mutenderi,Kibare HP,1958
Kamonyi ,Runda,Kibaya(RUNDA) HP,2970
Gisagara ,Mukindo,Kibayi CS,59
Gisagara ,Mugombwa,Kibayi HP,2477
Nyaruguru ,Kibeho,Kibeho CS,70
Bugesera ,Mayange,Kibenga HP,1705
Nyanza ,Busasamana,Kiberinka Gahondo HP,3100
Gisagara ,Kibirizi,Kibilizi (gisagara) CS,60
Nyanza ,Kibilizi,Kibilizi (nyanza) CS,41
Gisagara ,Kibirizi,Kibilizi DH,61
Nyamasheke ,Gihombo,Kibingo (nyamasheke) CS,260
Rutsiro ,Gihango,Kibingo (rutsiro) CS,184
Nyanza ,Busasamana,Kibinja HP,2413
Nyamagabe ,Kibirizi (Nyamagabe District),Kibirizi (Nyamagabe) CS,1280
Karongi ,Rubengera,Kibirizi HP,1884
Nyamasheke ,Kanjongo,Kibogora CS,261
Nyamasheke ,Kanjongo,Kibogora L2TH,262
Ngoma ,Sake,Kibonde HP,3323
Gatsibo ,Kabarore,Kibondo CS,393
Gisagara ,Mugombwa,Kibu HP,2579
Karongi ,Twumba,Kibuhuro HP,1885
Nyamagabe ,Kibumbwe,Kibumbwe CS,545
Ngoma ,Kibungo,Kibungo CS,435
Bugesera ,Ntarama,Kibungo HP,1712
Ngoma ,Kibungo,Kibungo L2TH,436
Ngoma ,Kibungo,Kibungo Medical Center Clin,1442
Gatsibo ,Rwimbogo (Gatsibo District),Kiburara HP,2556
Karongi ,Bwishyura,Kibuye CS,161
Karongi ,Bwishyura,Kibuye RH,162
Muhanga ,Kabacuzi,Kibyimba HP,1928
Kicukiro ,Niboye,Kicukiro CS,35
Kamonyi ,Nyamiyaga,Kidahwe HP,2622
Burera ,Gahunga,Kidakama HP,1744
Gasabo ,Jabana,Kidashya HP,1792
Gakenke ,Kamubuga,Kidomo PS,519
Huye ,Gishamvu,Kiduha HP,1850
Gicumbi ,Rwamiko,Kigabiro HP,2642
Gicumbi ,Rutare,Kigabiro HP,3335
Gasabo ,Rutunga,Kigabiro Rutunga HP,3249
Gasabo ,Kacyiru,Kigali Adventist Dental Clinic (Gasabo),1215
Nyarugenge ,Nyarugenge,Kigali Adventist Dental Clinic (Nyarugenge),1685
Gasabo ,Remera,Kigali Adventist Medical,1216
Gasabo ,Remera,Kigali Cardiology Cabinet Clin,2174
Gasabo ,Remera,Kigali Citizens Polyclinic,1191
Gasabo ,Remera,Kigali Dermatology Clin,1217
Gasabo ,Remera,Kigali Eye Care Consultants Clin,3352
Nyarugenge ,Muhima,kigali eye centre,1579
Gasabo ,Gisozi,Kigali Hill side Clin,2360
Nyarugenge ,Kigali,Kigali HP,2984
Gasabo ,Kimironko,Kigali Medical Center,1362
Nyarugenge ,Muhima,Kigali Medical Imaging  Supply Center Clin,2359
Gasabo ,Kinyinya,Kigali Mental Health Referral Center,3138
Nyarugenge ,Nyarugenge,Kigali Optic,1218
Gasabo ,Remera,Kigali Psycho-Medical Center,2832
Gasabo ,Kimihurura,Kigali Stand Alone Dialysis Center,2162
Gasabo ,Remera,Kigali Trust Clinic,3244
Karongi ,Gishyita,Kigarama (Gishyita) HP,1888
Nyamasheke ,Kanjongo,Kigarama (Kanjongo) HP,2961
Nyagatare ,Katabagemu,KIGARAMA (KATABAGEMU) HP,1983
Kicukiro ,Kigarama,Kigarama (KIGARAMA) HP,1903
Kirehe ,Kigarama (Kirehe  District),Kigarama (Kirehe) HP,2720
Gisagara ,Musha,Kigarama (Musha) HP,2478
Ruhango ,Mwendo,KIGARAMA (MWENDO) HP,2090
Kamonyi ,Rugarika,Kigarama (Rugarika) HP,1869
Kirehe ,Kigarama (Kirehe  District),Kigarama CS,1460
Nyagatare ,Katabagemu,KIGARAMA HP,2905
Rubavu ,Rubavu,Kigarama Rubavu HP,3183
Kicukiro ,Kigarama,Kigarama Umucyo HP,2745
Gatsibo ,Ngarama,Kigasha HP,1803
Gisagara ,Nyanza,Kigembe CS,62
Nyamagabe ,Gasaka,Kigeme CS,102
Nyamagabe ,Gasaka,Kigeme DH,103
Nyamagabe ,Gasaka,Kigeme Refugee Camp CS,2371
Kamonyi ,Rugarika,Kigese CS,148
Kirehe ,Kigina,Kigina CS,2555
Kayonza ,Murundi (Kayonza District),Kigobe HP,3019
Gicumbi ,Nyankenke,Kigogo CS,339
Ngoma ,Jarama,Kigoma (Jarama) HP,2523
Ruhango ,Ruhango,Kigoma CS,118
Gicumbi ,Muko (Gicumbi  District),Kigoma(MUKO) HP,3078
Rubavu ,Nyamyumba,Kigufi CS,201
Nyagatare ,Musheri,Kijojo HP,1502
Kirehe ,Gahara,Kijumbura HP,3254
Gisagara ,Musha,Kimana Precious HP,1836
Nyanza ,Busoro,Kimirama HP,2038
Huye ,Rusatira,Kimirehe HP,2848
Nyarugenge ,Kimisagara,Kimisagara HP,2991
Musanze ,Kimonyi,Kimonyi CS,622
Ruhango ,Kinazi (Ruhango  District),Kinazi CS,119
Ruhango ,Kinazi (Ruhango  District),Kinazi HP,3036
Bugesera ,Ruhuha,Kindama HP,1721
Gasabo ,Kacyiru,King Faisal Hospital HNR,24
Musanze ,Kinigi,Kinigi CS,313
Rulindo ,KINIHIRA (Rulindo),Kinihira (rulindo) CS,273
Rutsiro ,Kigeyo,Kinihira (rutsiro) CS,185
Rulindo ,KINIHIRA (Rulindo),Kinihira PH,1313
Rulindo ,RUSIGA,Kinini CS,1231
Nyamasheke ,Bushekeri,KININI HP,2013
Gicumbi ,Nyankenke,Kinishya HP,2640
Nyanza ,Busoro,KINKANGA SHYIRA HP,2927
Burera ,Kinoni,Kinoni CS,324
Bugesera ,Ntarama,Kinsley Blake Hanner HP,2159
Nyabihu ,Kintobo,Kintobo CS,637
Gatsibo ,Kageyo (Gatsibo District),Kintu HP,2562
Kicukiro ,Gikondo,Kinunga (Gikondo) HP,3086
Nyamasheke ,Nyabitekeri,Kinunga (Nyabitekeri) HP,2737
Rutsiro ,Boneza,Kinunu CS,186
Burera ,Kinyababa,Kinyababa CS,325
Gasabo ,Ndera,Kinyaga HP,2812
Huye ,Kigoma (Huye District),Kinyamakara CS,87
Rutsiro ,Nyabirasi,Kinyamavuta HP,3215
Gasabo ,Rusororo,Kinyana HP,1793
Nyarugenge ,Gitega,Kinyange HP,2935
Rubavu ,Cyanzarwe,KINYANZOVU HP,2077
Gasabo ,Kinyinya,Kinyinya CS,25
Karongi ,Rubengera,Kira Medical Care Clin,3298
Nyagatare ,GATUNDA,Kira Rwensheke HP,2715
Nyanza ,Nyagisozi,Kirambi CS,42
Burera ,Rusarabuye,Kirambo (burera) CS,326
Karongi ,Gitesi,Kirambo (gitesi) CS,163
Gisagara ,Muganza,Kirarambogo CS,63
Nyaruguru ,Busanze,Kirarangombe HP,2698
Gakenke ,Karambo,Kirebe HP,1773
Kirehe ,Kirehe,Kirehe CS,423
Kirehe ,Kirehe,Kirehe DH,424
Kirehe ,Kirehe,Kirehe Health Post,3320
Nyamasheke ,Macuba,KIREHE HP,2014
Nyamagabe ,Kamegeri,KIREHE( kamegeri) HP,3007
Kirehe ,Kigarama (Kirehe  District),Kiremera HP,2601
Burera ,Rugengabari,Kiribata HP,1745
Karongi ,Murambi (Karongi),Kirinda CS,164
Karongi ,Murambi (Karongi),Kirinda DH,165
Gicumbi ,Mukarange,Kiruhura HP,1821
Gakenke ,Coko,Kiruku HP,2851
Ruhango ,Kinihira (Ruhango),Kirwa (Kinihira) HP,2091
Ngoma ,Rurenge,Kirwa CS,437
Kamonyi ,Kayenzi,Kirwa HP,2887
Rubavu ,Nyakiriba,KISANGANI HP,2078
Rulindo ,KISARO,Kisaro CS,516
Nyagatare ,MUKAMA,Kisaro HP,3145
Nyamagabe ,Kitabi,Kitabi CS,104
Rwamagana ,Muhazi,Kitazigurwa (Muhazi) HP,2134
Gicumbi ,Shangasha,Kitazigurwa HP,2515
Nyaruguru ,Kivu,Kivu CS,592
Gasabo ,Kacyiru,KIVU Specialist Clinic,2795
Gicumbi ,Byumba,Kivugiza (Byumba) HP,2810
Musanze ,Nyange (Musanze),Kivugiza HP,2588
Muhanga ,Cyeza,Kivumu (muhanga) CS,134
Kamonyi ,Musambira,Kivumu (Musambira) HP,2994
Rutsiro ,Kivumu,Kivumu (rutsiro) CS,187
Musanze ,Kimonyi,Kivumu Muregeya HP,2690
Burera ,Kivuye,Kivuye CS,327
Kicukiro ,Gahanga,Kiyanja HP,2744
Rulindo ,NTARABANA,Kiyanza CS,274
Kirehe ,Nyamugari,Kiyanzi HP,1913
Kayonza ,Gahini,Kiyenzi Gahini HP,3284
Nyamagabe ,Cyanika,KIYUMBA HP,1992
Karongi ,Rwankuba,Kiziba Camp CS,462
Ruhango ,Mbuye,Kizibere CS,120
Gatsibo ,Kiziguro,Kiziguro (gatsibo) CS,394
Rusizi ,Nkungu,KIZIGURO (NKUNGU) HP,2110
Gatsibo ,Kiziguro,Kiziguro DH,395
Nyamagabe ,Buruhukiro,KIZIMYAMURIRO HP,1993
Nyagatare ,Karangazi,Kizirakome HP,2756
Rusizi ,Gikundamvura,Kizura HP,1395
Nyarugenge ,Nyakabanda,Kokobe (Nyakabanda) HP,2050
Nyabihu ,Bigogwe,Kora CS,214
Nyarugenge ,Gitega,KORA HP,2046
Ruhango ,Mwendo,Kubutare(Mwendo) HP,3341
Ngororero ,MATYAZO,Kunturo HP,3226
Muhanga ,Nyamabuye,La Benediction CLIN,1446
Gasabo ,Kimironko,La Confiance Clin,1689
Rubavu ,Gisenyi,La Croix du Sud Polyclinic Rubavu,2631
Rubavu ,Gisenyi,La Fidelite CLIN_Gisenyi,1399
Rusizi ,Kamembe,La Fidelite CLIN_Rusizi,1658
Nyarugenge ,Muhima,la fondation du coeur,1581
Gasabo ,Kacyiru,La FraternitÃ© (Kacyiru) Medical CLIN,1130
Nyamasheke ,Kanjongo,La Medical de Nyamasheke clin,3301
Nyarugenge ,Muhima,La MÃ©dicale (Kwa Kanimba) CLIN,1125
Kicukiro ,Kicukiro,La Pervenche,2833
Muhanga ,Nyamabuye,La Providence CLIN,1448
Gasabo ,Remera,La Triade CLIN,658
Ruhango ,Ruhango,La vie Saine Nyamagana HP,2612
Gasabo ,Remera,Lancet Laboratories Rwanda,2763
Gasabo ,Remera,Le bon samaritain CLIN,1126
Kicukiro ,Nyarugunga,Legacy Clin,1683
Nyaruguru ,Ngera,LIBA HP,2839
Nyarugenge ,Nyarugenge,Life Clinic,1219
Rulindo ,BUSHOKI,Lifeline Clinic,2714
Rwamagana ,Kigabiro,Lumiere Dental Technical CLIN,1401
Kamonyi ,Gacurabwenge,LUOS HP,525
Rubavu ,Gisenyi,lâ€™Arche CLIN,1396
Rwamagana ,Rubona,Mabare (Rubona) HP,2722
Gicumbi ,Rukomo (Gicumbi),Mabare (Rukomo) HP,2969
Gicumbi ,Manyagiro,Mafurebo HP,1822
Gicumbi ,Manyagiro,Mafurebo HP,2641
Rutsiro ,Mushonyi,Magaba II Rutsiro Health Post Limited,3073
Rutsiro ,Mushubati,MAGERAGERE-KOMEZA HP,3043
Nyarugenge ,Nyamirambo,MAGNIFICAT HP,2047
Kirehe ,Mahama,Mahama CS,1320
Kirehe ,Mahama,Mahama refugee camp CS,1646
Kirehe ,Mahama,Mahama refugee camp II MHC,1671
Rulindo ,NTARABANA,Mahaza HP,2665
Nyamasheke ,Mahembe,Mahembe CS,546
Nyagatare ,MIMURI,MAHORO HP,2912
Nyagatare ,MIMURI,Mahwa HP,2421
Muhanga ,Cyeza,Makera HP,1930
Gasabo ,Remera,Makirelax Cabinet Clin,2657
Nyamasheke ,Kagano,Makoko Kagano HP,3376
Gatsibo ,Muhura,Mamfu HP,1506
Nyamagabe ,Mbazi (Nyamagabe District),MAMWARI HP,1994
Karongi ,Mutuntu,Manji HP,1886
Gicumbi ,Manyagiro,Manyagiro CS,340
Huye ,Ruhashya,Mara HP,3049
Huye ,Maraba,Maraba (huye) CS,616
Nyaruguru ,Nyagisozi (Nyaruguru District),Maraba (nyaruguru) CS,71
Bugesera ,Mareba,Mareba CS,450
Kirehe ,Nyarubuye,Mareba HP,3241
Rulindo ,KINIHIRA (Rulindo),MAREMBO (KINIHIRA) HP,2100
Kamonyi ,Ngamba,Marembo (Nyabitare) HP,1870
Rulindo ,CYUNGO,Marembo CS,517
Kamonyi ,Kayumbu,Marembo HP,2889
Kamonyi ,Kayenzi,Marenga Kibuye HP,2886
Burera ,Gitovu,Mariba HP,1308
Kamonyi ,Rugarika,Masaka (Rugarika) HP,2554
Kicukiro ,Masaka,Masaka CS,36
Kicukiro ,Masaka,Masaka DH,1234
Kicukiro ,Kanombe,Masaka HP,2446
Muhanga ,Nyabinoni,Masangano (Nyabinoni) HP,1931
Nyamagabe ,Musange,Masangano (Nyamagabe) HP,2571
Rusizi ,Gitambi,Mashesha CS,243
Rusizi ,Nyakabuye,Mashyuza HP,3378
Gasabo ,Bumbogo,Masizi HP,2854
Rulindo ,MASORO,Masoro CS,275
Gasabo ,Ndera,Masoro HP,2813
Muhanga ,Muhanga,Mata CS,1648
Rutsiro ,Gihango,MATABA (GIHANGO) HP,2129
Kamonyi ,Kayenzi,Mataba (Kayenzi) HP,2953
Gatsibo ,Kiziguro,Mataba (Kiziguro) HP,2565
Nyamasheke ,Macuba,Mataba (MACUBA) HP,2015
Rutsiro ,Mukura (Rutsiro  District),Mataba (Mukura) HP,2434
Karongi ,Rubengera,Mataba (Rubengera) HP,2437
Gakenke ,Mataba,Mataba CS,294
Nyarugenge ,Mageragere,Mataba HP,3317
Gatsibo ,Rugarama (Gatsibo District),Matare HP,2996
Nyagatare ,Matimba,Matimba CS,373
Nyagatare ,Matimba,MATIMBA HP,2911
Kayonza ,Rwinkwavu,Matinza HP,2706
Gatsibo ,Rugarama (Gatsibo District),Matunguru HP,2667
Huye ,Ngoma (Huye District),Matyazo CS,88
Muhanga ,Mushishiro,Matyazo HP,2539
Gasabo ,Remera,Max Cure Clin,2650
Bugesera ,Mayange,Mayange (bugesera) CS,451
Gatsibo ,Nyagihanga,Mayange (Gatsibo) HP,2158
Gatsibo ,Nyagihanga,Mayange (gatsibo) PS,607
Gatsibo ,Ngarama,Mayange HP,2445
Rutsiro ,Mushonyi,MAZIBA HP,2130
Kicukiro ,Masaka,Mbabe HP,3296
Rusizi ,Kamembe,Mbagira HP,3342
Nyagatare ,Karangazi,MBALE HP,1985
Gasabo ,Rusororo,Mbandazi HP,1508
Nyagatare ,Karangazi,MBARE HP,2904
Nyaruguru ,Kibeho,MBASA HP,2059
Gakenke ,Kamubuga,Mbatabata HP,2546
Kamonyi ,Nyamiyaga,Mbayaya HP,2552
Huye ,Mbazi,Mbazi CS,89
Nyarugenge ,Nyarugenge,MBC Hospital,2147
Gakenke ,Coko,Mbilima HP,2353
Gisagara ,Gikonko,Mbogo HP,2479
Gatsibo ,Kiziguro,Mbogo PS,608
Nyamagabe ,Tare,Mbuga CS,105
Musanze ,Muko,Mburabuturo HP,2569
Ruhango ,Mbuye,Mbuye CS,121
Nyanza ,Kibilizi,Mbuye HP,2402
Musanze ,Gashaki,Mbwe PS,1625
Bugesera ,Mayange,Mbyo SGHP,2681
Muhanga ,Shyogwe,Medical St Paul Clin,2176
Karongi ,Bwishyura,Medicale Sainte Famille Clin,2173
Gasabo ,Kimihurura,Mediheal Clin,1678
Gasabo ,Gisozi,Medilabs Gisozi Clin,2166
Huye ,Ngoma (Huye District),Medilabs Ngoma Clin,2165
Gasabo ,Nduba,Mercy Medical Clinic,3258
Musanze ,Cyuve,MERE DU VERBE CLIN,3368
Gicumbi ,Mutete,Merezo HP,2758
Kicukiro ,Niboye,mhub Rwanda Clin,3096
Rusizi ,Gashonga,Mibilizi CS,244
Rusizi ,Gashonga,Mibilizi DH,245
Kayonza ,Mwiri,Migera Mwili HP,3285
Nyamasheke ,Karengera,Miko HP,3403
Rusizi ,Mururu,MIKO HP,2112
Nyarugenge ,Kimisagara,MILO CLINIC LTD,3089
Nyagatare ,MIMURI,Mimuri CS,374
Gakenke ,Minazi,Minazi CS,1651
Nyagatare ,RWEMPASHA,Mishenyi HP,1509
Nyaruguru ,Nyabimata,Mishungero HP,2936
Gicumbi ,Miyove,Miyove CS,341
Rusizi ,Kamembe,Mont Cyangugu CS,1403
Musanze ,Muhoza,Mont Nyamagumba CLIN,1449
Ruhango ,Byimana,MPANDA HP,2092
Nyanza ,Mukingo,Mpanga HP,2416
Kirehe ,Mpanga,Mpanga Rubaya HP,3322
Huye ,Tumba (Huye),Mpare HP,1852
Karongi ,Gishyita,Mpembe CS,166
Musanze ,Muhoza,Mpenge HP,2728
Muhanga ,Rugendabari,Mpinga (Rugendabari) HP,2450
Gatsibo ,Gitoki,Mpondwa HP,2621
Gasabo ,Remera,Mpore Liberte (Gasabo) CLIN,1134
Musanze ,Muhoza,Mpore Liberte (Musanze) CLIN,1441
Nyamasheke ,Bushekeri,MPUMBU HP,2016
Kamonyi ,Musambira,Mpushi HP,1871
Karongi ,Murambi (Karongi),Mubuga (Murambi) HP,2954
Kirehe ,Musaza,Mubuga (Musaza) HP,1914
Rulindo ,KISARO,Mubuga (Rulindo) HP,2411
Karongi ,Mubuga,Mubuga CS,167
Burera ,Rugengabari,Mucaca CS,328
Nyanza ,Cyabakamyi,Mucubira CS,43
Kayonza ,Murundi (Kayonza District),Mucucu HP,1999
Nyarugenge ,Kanyinya,Mucyo(Kanyinya)HP,3152
Musanze ,Gataraga,Mudakama HP,3121
Rubavu ,Mudende,Mudende CS,202
Burera ,Bungwe,Mudugari HP,3012
Ngororero ,NGORORERO,Mugano (Ngororero) HP,2633
Nyamagabe ,Mugano,Mugano CS,562
Kamonyi ,Runda,Muganza (Runda) HP,2542
Nyaruguru ,Muganza (Nyaruguru District),Muganza CS,72
Kamonyi ,Gacurabwenge,Muganza HP,2885
Musanze ,Shingiro,Mugari PS,1628
Nyamasheke ,Shangi,Mugera CS,263
Nyamasheke ,Shangi,MUGERA HP,2017
Kamonyi ,Mugina,Mugina CS,149
Kamonyi ,Mugina,Mugina HP,2537
Gisagara ,Mugombwa,Mugombwa CS,64
Gisagara ,Mugombwa,Mugombwa PS,2536
Gisagara ,Mugombwa,Mugombwa Refugee Camp CS,2626
Karongi ,Gishyita,Mugonero CS,168
Karongi ,Gishyita,Mugonero DH,169
Bugesera ,Juru,Mugororore HP,1699
Gakenke ,Mugunga,Mugunga HP,520
Gakenke ,Mugunga,Mugunga HP,2878
Nyaruguru ,Cyahinda,Muhambara SGHP,2469
Nyagatare ,MUKAMA,Muhambo CS,375
Muhanga ,Shyogwe,Muhanga Prison,139
Rusizi ,Gihundwe,MUHARI HP,2113
Gakenke ,Cyabingo,Muhaza HP,2685
Rusizi ,Rwimbogo,MUHEHWE HP,2114
Huye ,Karama (Huye),Muhembe HP,3129
Nyanza ,Ntyazo,MUHERO NTYAZO HP,2930
Nyarugenge ,Muhima,Muhima CS,7
Nyarugenge ,Muhima,Muhima DH,8
Rubavu ,Rugerero,Muhira HP,3079
Gakenke ,Muhondo,Muhondo (gakenke) CS,295
Gicumbi ,Kageyo (Gicumbi),Muhondo (kageyo) CS,342
Nyamasheke ,Kirimbi,Muhororo (Kirimbi) HP,2761
Huye ,Ruhashya,Muhororo (Ruhashya) HP,1853
Ngororero ,GATUMBA,Muhororo CS,226
Ngororero ,GATUMBA,Muhororo DH,227
Gakenke ,Cyabingo,Muhororo HP,3153
Burera ,Butaro,Muhotora HP,1746
Musanze ,Muhoza,Muhoza (Ruhengeri) CS,316
Gatsibo ,Muhura,Muhura CS,396
Ngoma ,Rurenge,Muhurire PS,626
Nyamagabe ,Kitabi,Mujuga HP,3009
Bugesera ,Rweru,Mujwiri HP,1725
Gicumbi ,Miyove,Mukaka B(Miyove)HP,3220
Gicumbi ,Miyove,Mukaka HP,1823
Gicumbi ,Mukarange,Mukarange (Gicumbi) CS,1655
Kayonza ,Mukarange (Kayonza District),Mukarange CS,409
Gisagara ,Mukindo,Mukiza HP,2435
Gicumbi ,Muko (Gicumbi  District),Muko CS,343
Nyamasheke ,Nyabitekeri,Mukoma (nyamasheke) CS,264
Ruhango ,Kinazi (Ruhango  District),Mukoma (ruhango) CS,122
Bugesera ,Ngeruka,Mukoma HP,1708
Gisagara ,Mugombwa,Mukomacara HP,1838
Nyamagabe ,Gatare,Mukongoro HP,2852
Huye ,Tumba (Huye),Mukoni HP,2849
Gicumbi ,Bwisige,Mukono CS,344
Karongi ,Mutuntu,Mukungu CS,170
Huye ,Mukura,Mukura (Huye) CS,1557
Rutsiro ,Mukura (Rutsiro  District),Mukura (Rutsiro) CS,188
Gasabo ,Ndera,Mukuyu HP,1794
Gicumbi ,Kaniga,Mulindi (gicumbi) CS,345
Kirehe ,Nasho,Mulindi (kirehe) CS,425
Kicukiro ,Gahanga,Mulinja (Gahanga) HP,2747
Nyanza ,Kigoma,Mulinja (Kigoma) HP,2406
Nyarugenge ,Nyamirambo,Mumena HP,3132
Gicumbi ,Rutare,Munanira (Rutare) HP,2514
Ruhango ,Kabagali,Munanira CS,1310
Karongi ,Gishyita,Munanira PS,2150
Kirehe ,Nyamugari,Munini (Nyamugari ) HP,3333
Nyaruguru ,Munini,Munini (nyaruguru) CS,73
Nyaruguru ,Munini,Munini DH,74
Kirehe ,Mahama,Munini HP,1915
Rwamagana ,Munyaga,Munyaga CS,356
Gakenke ,Mugunga,Munyana HP,3248
Rwamagana ,Munyiginya,Munyiginya CS,2135
Gicumbi ,Rukomo (Gicumbi),Munyinya CS,346
Karongi ,Murundi,Munzanga CS,171
Musanze ,Gataraga,Murago HP,2653
Bugesera ,Ngeruka,Murama (Ngeruka) SGHP,2647
Bugesera ,Nyamata,Murama (Nyamata) HP,1715
Nyabihu ,Rugera,MURAMA (RUGERA) HP,1974
Ngororero ,HINDIRO,Muramba CS,228
Nyamasheke ,Cyato,Murambi (Cyato) HP,2018
Gatsibo ,Murambi (Gatsibo District),Murambi (Gatsibo) HP,2754
Gakenke ,Minazi,Murambi (MINAZI) HP,1774
Rutsiro ,Mukura (Rutsiro  District),Murambi (Mukura) HP,2131
Rulindo ,Murambi (Rulindo),Murambi (Rutongo) CS,276
Rwamagana ,Muhazi,Murambi (rwamagana) CS,585
Musanze ,Remera (Musanze  District),Murandi CS,314
Rusizi ,Kamembe,Murangi HP,3343
Rubavu ,Rubavu,Murara CS,203
Rwamagana ,Muyumbu,Murehe Muyumbu HP,653
Kamonyi ,Rukoma,Murehe Rukoma HP,3374
Ruhango ,Kinihira (Ruhango),Muremure CS,123
Nyabihu ,Muringa,MURINGA HP,1975
Rutsiro ,Murunda,Murunda CS,189
Rutsiro ,Murunda,Murunda DH,190
Rusizi ,Bweyeye,Murwa (Bweyeye) HP,2950
Musanze ,Remera (Musanze  District),Murwa (Remera Musanze) HP,2789
Gakenke ,Muhondo,Musagara HP,1775
Kamonyi ,Musambira,Musambira CS,150
Ruhango ,Ruhango,Musamo HP,2384
Muhanga ,Mushishiro,Musange HP,1932
Karongi ,Rwankuba,Musango CS,172
Musanze ,Musanze,Musanze CS,1475
Musanze ,Muhoza,Musanze Prison,536
Nyamagabe ,Nkomane,Musaraba HP,3010
Rutsiro ,Musasa,Musasa CS,191
Karongi ,Gashari,Musasa-Gashali HP,3097
Gasabo ,Bumbogo,Musave HP,1795
Kirehe ,Musaza,Musaza CS,426
Nyamagabe ,Musebeya,Musebeya CS,106
Burera ,Gatebe,Musenda HP,1747
Gicumbi ,Mutete,Musenyi (gicumbi) CS,347
Nyagatare ,Karangazi,Musenyi (Nyagatare) HP,641
Gakenke ,Muhondo,Musenyi HP,2880
Nyamagabe ,Kaduha,MUSENYI HP,1995
Nyagatare ,Karangazi,MUSENYI HP,2902
Musanze ,Rwaza,Musezero HP,1948
Gisagara ,Musha,Musha (gisagara) CS,65
Rwamagana ,Musha (Rwamagana  District),Musha (rwamagana) CS,357
Rusizi ,Rwimbogo,Mushaka CS,246
Rulindo ,MBOGO,Mushari HP,2160
Kirehe ,Mushikiri,Mushikiri CS,427
Nyanza ,Rwabicuma,MUSHIRARUNGU HP,2039
Muhanga ,Mushishiro,Mushishiro CS,135
Rulindo ,BASE,Mushongi CS,518
Kirehe ,Mpanga,Mushongi Second Generation Health Post,3316
Rutsiro ,Mushubati,Mushubati CS,192
Nyamagabe ,Mushubi,Mushubi CS,107
Burera ,Kivuye,Mushunga HP,2862
Nyamasheke ,Kirimbi,Mushungo HP,3185
Muhanga ,Nyarusange,Musongati HP,1934
Bugesera ,Juru,Musovu SGHP,2414
Kayonza ,Nyamirama,Musumba HP,3018
Nyabihu ,Rambura,Mutaho (nyabihu) HP,638
Rwamagana ,Gahengeri,Mutamwa HP,2439
Gakenke ,Cyabingo,Mutanda HP,2684
Nyabihu ,Shyira,Mutanda HP,3119
Gicumbi ,Mutete,Mutandi HP,2463
Gakenke ,Mugunga,Mutego HP,1776
Ngoma ,Mutenderi,Mutenderi CS,438
Nyamagabe ,Nkomane,MUTENGERI HP,1996
Rusizi ,Gashonga,Muti HP,2941
Nyamasheke ,Macuba,Mutongo HP,2826
Ngoma ,Gashanda,Mutsindo HP,1282
Nyamasheke ,Cyato,MUTUNTU HP,2019
Nyanza ,Kibilizi,Mututu CS,1427
Muhanga ,Nyabinoni,Muvumba HP,3313
Rulindo ,SHYORONGI,Muvumo HP,3165
Rulindo ,SHYORONGI,Muvumu HP,2700
Gisagara ,Mamba,Muyaga HP,1840
Kicukiro ,Kagarama,Muyange (KAGARAMA) HP,1905
Kamonyi ,Kayumbu,Muyange (KAYUMBU) HP,1872
Nyamasheke ,Nyabitekeri,Muyange CS,265
Kamonyi ,Nyarubaka,Muyange HP,2893
Rulindo ,BUYOGA,Muyanza CS,277
Gisagara ,Gishubi,Muyinza HP,2441
Gisagara ,Kibirizi,Muyira HP,2481
Gakenke ,Muyongwe,Muyongwe CS,1534
Rwamagana ,Muyumbu,Muyumbu CS,358
Rwamagana ,Muyumbu,Muyumbu Medical Clinic Ltd,2692
Ruhango ,Kinihira (Ruhango),Muyunzwe CS,124
Gisagara ,Kibirizi,Muzenga HP,1841
Ngoma ,Mutenderi,Muzingira SECOND GENERATION HP,3359
Gakenke ,Muzo,Muzo HP,3154
Gasabo ,Bumbogo,Mvuzo HP,3052
Nyabihu ,Karago,Mwana HP,2718
Bugesera ,Gashora,Mwendo (GASHORA) HP,1696
Ruhango ,Mwendo,Mwendo (Gitwe) CS,1319
Karongi ,Gashari,Mwendo (karongi) CS,173
Nyarugenge ,Kigali,Mwendo (nyarugenge) CS,9
Ruhango ,Mwendo,Mwendo (ruhango) PS,650
Huye ,Rwaniro,Mwendo (RWANIRO) HP,1854
Karongi ,Gashari,Mwendo B HP,3102
Ngororero ,KABAYA,Mwendo HP,3380
Gicumbi ,Muko (Gicumbi  District),Mwendo PS,1614
Nyanza ,Nyagisozi,Mweya CS,44
Nyamasheke ,Karengera,Mwezi CS,266
Kamonyi ,Rukoma,Mwirute HP,3299
Nyamasheke ,Bushenge,Mwito SGHP,2020
Nyabihu ,Karago,Mwiyanike CS,215
Kirehe ,Mahama,Mwoga Second Generation Health Post,3315
Bugesera ,Mwogo,Mwogo CS,452
Nyaruguru ,Nyagisozi (Nyaruguru District),Mwoya HP,2819
Rwamagana ,Mwulire,Mwulire CS,3353
Gasabo ,Remera,MÃ¨re du verbe CLIN,1133
Kicukiro ,Nyarugunga,Nanuri Medical Centre Ltd Clin,2606
Kayonza ,Mukarange (Kayonza District),Narada Medical Clin,1490
Gasabo ,Gisozi,Narine care Medical Centre,1548
Kirehe ,Mpanga,Nasho CS,428
Kirehe ,Mpanga,Nasho SGHP,3303
Gasabo ,Remera,Nations Unies Clin,1139
Rwamagana ,Rubona,Nawe HP,2455
Nyaruguru ,Cyahinda,Ndago (Kibeho) HP,2973
Burera ,Rusarabuye,Ndago (Rusarabuye) HP,1748
Nyagatare ,Karangazi,Ndama (nyagatare) CS,642
Nyagatare ,Karangazi,Ndama HP,3031
Kayonza ,Ndego,Ndego CS,410
Nyagatare ,Karama (Nyagatare),Ndego SGHP,2497
Rubavu ,Rubavu,Ndengera CLIN,1406
Gasabo ,Ndera,Ndera HP,1796
Burera ,Cyeru,Ndongozi CS,1278
Gasabo ,Nduba,Nduba CS,551
Gakenke ,Nemba (Gakenke),Nemba CS,296
Gakenke ,Nemba (Gakenke),Nemba DH,297
Bugesera ,Rweru,Nemba HP,1724
Kicukiro ,Nyarugunga,Net Care HP,3181
Kamonyi ,Rugarika,New Nyarubuye Samuduha HP,3373
Kirehe ,Musaza,Nganda HP,2705
Nyabihu ,Kabatwa,Ngando HP,3120
Gicumbi ,Muko (Gicumbi  District),Ngange (Muko) HP,2639
Karongi ,Ruganda,Ngange (Rugande) HP,2726
Nyamasheke ,Karambi,Ngange CS,573
Gakenke ,Muyongwe,Nganzo (Gakenke) HP,2844
Gakenke ,Gakenke,Nganzo CS,1650
Gakenke ,Muyongwe,Nganzo HP,2881
Nyamagabe ,Mbazi (Nyamagabe District),Ngara CS,108
Gasabo ,Bumbogo,Ngara HP,1512
Gatsibo ,Ngarama,Ngarama CS,397
Gatsibo ,Ngarama,Ngarama DH,398
Muhanga ,Nyarusange,Ngaru HP,1935
Bugesera ,Nyarugenge (Bugesera District),Ngenda HP,1716
Bugesera ,Nyarugenge (Bugesera District),Ngenda SGHP,3351
Nyaruguru ,Ngera,Ngera CS,1230
Bugesera ,Ngeruka,Ngeruka HP,1709
Bugesera ,Ngeruka,Ngeruka MHC,604
Gasabo ,Jabana,Ngiryi HP,1798
Muhanga ,Kabacuzi,Ngoma (KABACUZI) HP,1936
Nyaruguru ,Ngoma (Nyaruguru),Ngoma CS,591
Ngoma ,Kibungo,Ngoma Prison,596
Kamonyi ,Nyamiyaga,Ngoma Ubuzimabwiza HP,1873
Gicumbi ,Byumba,Ngondore HP,3219
Ngororero ,NGORORERO,Ngororero CLIN,1407
Musanze ,Nyange (Musanze),Ninda(NYANGE) HP,1946
Gasabo ,Kinyinya,NISSI Clinic,3048
Rusizi ,Nyakarenzo,NJAMBWE MURAMBI HP,3312
Bugesera ,Musenyi,Njyewenawe HP,2870
Nyaruguru ,Nyagisozi (Nyaruguru District),NKAKWA HP,2060
Kayonza ,Ruramira,Nkamba HP,3016
Nyaruguru ,Busanze,NKANDA HP,2061
Rulindo ,RUSIGA,Nkanga (Rusiga) HP,3124
Ngoma ,Sake,Nkanga (Sake) HP,1960
Rusizi ,Nkanka,Nkanka CS,247
Burera ,Kinoni,Nkenke HP,1749
Gisagara ,Ndora,Nkinda HP,2575
Rutsiro ,Boneza,Nkira HP,2805
Nyagatare ,TABAGWE,Nkoma HP,1513
Rubavu ,Kanama,Nkomane HP,3257
Rusizi ,Nkombo,Nkombo CS,248
Nyanza ,Mukingo,NKOMERO HP,2040
Karongi ,Murambi (Karongi),Nkoto HP,3055
Karongi ,Rugabano,NKOTO HP,2899
Gicumbi ,Rutare,Nkoto PS,1616
Burera ,Kinoni,Nkumba HP,1750
Rusizi ,Nkungu,Nkungu CS,249
Rwamagana ,Munyaga,NKUNGU HP,2136
Gasabo ,Bumbogo,Nkuzuzu HP,2551
Kicukiro ,Nyarugunga,Nonko HP,3392
Gasabo ,Ndera,Nora Dental Clinic,2856
Nyagatare ,Nyagatare,Nsheke HP,1514
Nyarugenge ,Kigali,NSHUTI HP,2049
Rwamagana ,Muhazi,Nsinda HP,2572
Nyamagabe ,Tare,Nsinduka HP,2774
Ngoma ,Mugesera,Ntaga HP,3324
Ngororero ,MUHORORO,Ntaganzwa CS,229
Nyamasheke ,Nyabitekeri,NTANGO HP,2021
Muhanga ,Rongi,Ntarabana HP,2822
Bugesera ,Ntarama,Ntarama CS,1101
Burera ,Kinoni,Ntaruka (kinoni Burera) CS,329
Kirehe ,Nasho,Ntaruka (nasho Kirehe) CS,429
Nyaruguru ,Busanze,Nteko (Busanze) HP,3110
Kamonyi ,Mugina,Nteko (Mugina) HP,1874
Ruhango ,Byimana,Ntenyo HP,3210
Ngororero ,NDARO,Ntobwe CS,230
Nyagatare ,Musheri,Ntoma CS,376
Nyagatare ,Musheri,Ntoma HP,2830
Ngoma ,Rukumberi,Ntovi HP,1961
Rwamagana ,Mwulire,NTUNGA HP,2137
Rusizi ,Giheke,NTURA HP,2115
Musanze ,Rwaza,Nturo HP,1949
Rulindo ,CYUNGO,Nturo HP,3225
Nyanza ,Ntyazo,Ntyazo CS,45
Nyagatare ,Rukomo (Nyagatare),NUMERIMWE HP,2918
Kicukiro ,Gahanga,Nunga HP,2900
Bugesera ,Rilima,Nyabagendwa HP,1718
Gatsibo ,Gatsibo,Nyabicwamba HP,1807
Musanze ,Kinigi,Nyabigoma HP,1950
Muhanga ,Kiyumba,Nyabikenke CS,136
Muhanga ,Kiyumba,Nyabikenke DH,2960
Gasabo ,Bumbogo,Nyabikenke HP,1799
Gisagara ,Kigembe,Nyabikenke HP,2482
Gatsibo ,Kabarore,Nyabikiri Gatsibo HP,2144
Nyaruguru ,Nyabimata,Nyabimata CS,75
Muhanga ,Nyabinoni,Nyabinoni CS,137
Nyanza ,Cyabakamyi,Nyabinyenga CS,2041
Rutsiro ,Nyabirasi,Nyabirasi CS,193
Rutsiro ,Nyabirasi,Nyabirasi HP,2741
Gatsibo ,Kiramuruzi,Nyabisindu (SGHP) PS,611
Rwamagana ,Musha (Rwamagana  District),Nyabisindu HP,2604
Gasabo ,Remera,Nyabisindu(Gasabo) HP,2981
Kirehe ,Nyarubuye,Nyabitare (kirehe) CS,430
Nyagatare ,TABAGWE,Nyabitekeri (Tabagwe) HP,1516
Rusizi ,Butare,Nyabitimbo MHC,250
Burera ,Kinyababa,Nyabizi HP,2516
Rulindo ,Ngoma (Rulindo),NYABUKO HP,2101
Nyagatare ,Matimba,Nyabwishongwezi HP,2498
Rubavu ,Busasamana (Rubavu District),Nyacyonga (Rubavu) HP,2777
Gasabo ,Jabana,Nyacyonga CS,26
Gatsibo ,Gatsibo,Nyagahanga CS,399
Burera ,Cyanika (Burera  District),Nyagahinga HP,1751
Rutsiro ,Gihango,NYAGAHINGA HP,3044
Nyagatare ,MIMURI,Nyagahita CS,378
Rwamagana ,Fumbwe,Nyagasambu CS,359
Rwamagana ,Fumbwe,Nyagasambu HP,2999
Nyagatare ,Karangazi,Nyagashanga HP,1517
Gatsibo ,Rugarama (Gatsibo District),Nyagasiga (Rugarama ) HP,2964
Ngoma ,Mutenderi,Nyagasozi (Mutenderi) HP,627
Gatsibo ,Remera (Gatsibo District),Nyagasozi (Remera Gatsibo) HP,2146
Ngoma ,Zaza,Nyagasozi (Zaza) HP,2668
Nyagatare ,Musheri,Nyagatabire HP,2499
Nyagatare ,Nyagatare,Nyagatare CS,379
Nyagatare ,Nyagatare,Nyagatare DH,380
Nyagatare ,Nyagatare,NYAGATARE HP,2915
Nyagatare ,Nyagatare,Nyagatare Prison,595
Nyagatare ,RWIMIYAGA,NYAGATARE-KIREBE HP,2921
Nyagatare ,Nyagatare,NYAGATARE-PRISON,2916
Nyagatare ,TABAGWE,Nyagatoma HP,2500
Gasabo ,Kimironko,Nyagatovu (Kimironko) HP,3095
Karongi ,Mubuga,NYAGATOVU HP,2898
Kamonyi ,Nyarubaka,Nyagihamba CS,151
Gatsibo ,Nyagihanga,Nyagihanga CS,400
Bugesera ,Musenyi,Nyagihunika HP,1706
Kamonyi ,Nyarubaka,Nyagishubi HP,1875
Ruhango ,Ntongwe,NYAGISOZI (NTONGWE) HP,2093
Musanze ,Busogo,Nyagisozi HP,1630
Gatsibo ,Nyagihanga,Nyagitabire HP,1809
Kicukiro ,Niboye,Nyakabanda (Niboye) HP,3066
Nyarugenge ,Nyakabanda,Nyakabanda II HP,2807
Nyarugenge ,Nyakabanda,Nyakabanda2 HP,2934
Gicumbi ,Cyumba,Nyakabungo (Cyumba) HP,2688
Kirehe ,Mpanga,Nyakabungo (Mpanga) HP,1916
Kayonza ,Mwiri,Nyakabungo CS,411
Ruhango ,Ntongwe,Nyakabungo( NTONGWE) HP,3035
Rusizi ,Nyakabuye,Nyakabuye CS,1665
Ruhango ,Byimana,Nyakabuye( Byimana) HP,3207
Huye ,Huye,Nyakagezi HP,2559
Rwamagana ,Nyakaliro,Nyakaliro CS,360
Kayonza ,Murama,Nyakanazi HP,1897
Rusizi ,Nyakarenzo,Nyakarenzo CS,1233
Huye ,Gishamvu,Nyakibanda HP,3090
Gisagara ,Gishubi,Nyakibungo HP,1842
Nyagatare ,Karama (Nyagatare),Nyakiga HP,2901
Nyagatare ,Katabagemu,Nyakigando (Nyagatare) CS,643
Nyagatare ,Katabagemu,Nyakigando HP,3061
Nyabihu ,Rugera,Nyakigezi CS,216
Nyabihu ,Rugera,Nyakiliba CS,217
Musanze ,Nkotsi,Nyakinama CS,315
Rubavu ,Nyakiriba,Nyakiriba CS,1555
Gasabo ,Gatsata,Nyamabuye (Gatsata) HP,3013
Nyamagabe ,Gasaka,Nyamagabe CS,109
Nyamagabe ,Gasaka,Nyamagabe Prison,492
Nyamasheke ,Kagano,Nyamasheke CS,267
Nyabihu ,Muringa,NYAMASHEKE HP,1976
Bugesera ,Nyamata,Nyamata CS,453
Bugesera ,Nyamata,Nyamata L2TH,454
Bugesera ,Nyamata,Nyamata SGHP,3306
Kirehe ,Nyarubuye,Nyamateke HP,1917
Gatsibo ,Rwimbogo (Gatsibo District),Nyamatete HP,1810
Burera ,Butaro,Nyamicucu HP,1752
Bugesera ,Ruhuha,Nyamigina (Ruhuha) HP,3338
Bugesera ,Mareba,Nyamigina HP,1702
Rusizi ,Gikundamvura,NYAMIGINA HP,2117
Rusizi ,Butare,Nyamihanda HP,2940
Nyagatare ,GATUNDA,Nyamikamba HP,3349
Rwamagana ,Fumbwe,Nyamirama ( Fumbwe) HP,3000
Nyagatare ,Karangazi,Nyamirama (Ndama) HP,1518
Kayonza ,Nyamirama,Nyamirama CS,412
Gatsibo ,Nyagihanga,Nyamirama HP,2573
Nyaruguru ,Ngera,NYAMIRAMA HP,2062
Nyaruguru ,Ngoma (Nyaruguru),NYAMIRAMA-NGOMA HP,2063
Muhanga ,Rongi,Nyamirambo HP,2823
Nyagatare ,GATUNDA,Nyamirembe HP,2828
Gicumbi ,Nyamiyaga (Gicumbi  District),Nyamiyaga (Gicumbi) CS,1824
Kamonyi ,Nyamiyaga,Nyamiyaga (Kamonyi) CS,1342
Nyanza ,Muyira,Nyamiyaga (Nyanza) CS,46
Gicumbi ,Rubaya,Nyamiyaga HP,2883
Nyagatare ,Musheri,Nyamiyonga (Nyagatare) HP,2518
Nyagatare ,Musheri,Nyamiyonga HP,1626
Burera ,Nemba (Burera),Nyamugali (NEMBA) HP,1753
Gisagara ,Nyanza,Nyamugali (NYANZA) HP,1843
Burera ,Nemba (Burera),Nyamugali CS,330
Gatsibo ,Remera (Gatsibo District),Nyamugali(Remera Gatsibo) HP,2965
Gicumbi ,Bwisige,Nyamugari HP,3221
Karongi ,Ruganda,Nyamugwagwa HP,3386
Nyanza ,Muyira,Nyamure CS,47
Nyanza ,Muyira,Nyamure HP,2471
Karongi ,Murundi,Nyamushishi-Ngoma HP,3099
Rusizi ,Bweyeye,NYAMUZI HP,2118
Nyaruguru ,Mata,Nyamyumba CS,76
Nyagatare ,GATUNDA,Nyangara HP,2535
Musanze ,Nyange (Musanze),Nyange (Musanze) CS,1688
Gakenke ,Coko,Nyange (ruli) CS,298
Ngororero ,NGORORERO,Nyange A CS,231
Ngororero ,NYANGE,Nyange B CS,232
Ngoma ,Mugesera,Nyange CS,439
Nyaruguru ,Kibeho,NYANGE HP,2064
Burera ,Gahunga,Nyangwe HP,1754
Kirehe ,Kigarama (Kirehe  District),Nyankurazo HP,1918
Nyaruguru ,Nyagisozi (Nyaruguru District),Nyantanga CS,77
Kicukiro ,Gatenga,Nyanza (Gatenga) HP,2184
Nyanza ,Busasamana,Nyanza CS,48
Nyanza ,Busasamana,Nyanza DH,49
Nyaruguru ,Ngera,NYANZA HP,2065
Nyanza ,Mukingo,Nyanza Prison,50
Nyamagabe ,Cyanika,Nyanzoga HP,2836
Kamonyi ,Nyarubaka,Nyarubaka HP,1876
Rubavu ,Gisenyi,Nyarubande HP,2782
Ngororero ,NGORORERO,Nyarubingo(Ngororero) HP,3192
Gatsibo ,Ngarama,Nyarubungo HP,2444
Rwamagana ,Fumbwe,Nyarubuye (Fumbwe) HP,3346
Kamonyi ,Rugarika,Nyarubuye (Kaboga) HP,1878
Kirehe ,Nyarubuye,Nyarubuye (kirehe) CS,431
Kirehe ,Nyarubuye,Nyarubuye (Kirehe) PS,1623
Musanze ,Musanze,Nyarubuye (musanze) PS,624
Gicumbi ,Mutete,Nyarubuye (Mutete) HP,2644
Kamonyi ,Rugarika,Nyarubuye (Rugarika) HP,3217
Kamonyi ,Rugarika,Nyarubuye (samuduha) HP,2553
Kamonyi ,Ngamba,Nyarubuye HP,2890
Musanze ,Rwaza,Nyarubuye-Rwaza HP,3363
Karongi ,Rubengera,Nyarugenge (Rubengera) HP,2152
Bugesera ,Nyarugenge (Bugesera District),Nyarugenge CS,1323
Nyarugenge ,Nyamirambo,Nyarugenge DH,2732
Nyarugenge ,Mageragere,Nyarugenge Prison,10
Kicukiro ,Nyarugunga,Nyarugunga CS,558
Gicumbi ,Cyumba,Nyaruka HP,2643
Rwamagana ,Muyumbu,Nyarukombe HP,2998
Nyagatare ,RWIMIYAGA,Nyarupfubire HP,2767
Kicukiro ,Gatenga,Nyarurama (Gatenga) HP,1907
Nyanza ,Cyabakamyi,Nyarurama (Nyanza) HP,2419
Ruhango ,Ntongwe,Nyarurama CS,125
Nyagatare ,GATUNDA,Nyarurema CS,381
Rubavu ,Rugerero,Nyarurembo (Rugerero)  HP,2080
Rubavu ,Busasamana (Rubavu District),Nyarurembo Nyacyonga HP,3308
Nyarugenge ,Mageragere,Nyarurenzi HP,2695
Nyarugenge ,Mageragere,Nyarurenzi MHC,1328
Nyamasheke ,Kirimbi,Nyarusange (Kibogora) HP,2022
Muhanga ,Nyarusange,Nyarusange (muhanga) CS,138
Nyanza ,Rwabicuma,Nyarusange (nyanza) CS,593
Nyanza ,Rwabicuma,Nyarusange (Nyanza) HP,2417
Karongi ,Bwishyura,Nyarusazi HP,3070
Rubavu ,Nyakiriba,Nyarushamba HP,3288
Nyamagabe ,Kamegeri,Nyarusiza CS,110
Nyamasheke ,Mahembe,NYARUSIZA HP,2023
Gasabo ,Remera,Nyarutarama Medical Center Clin,2995
Gisagara ,Nyanza,Nyaruteja HP,2483
Rulindo ,Ngoma (Rulindo),Nyaruvumu (Ngoma) HP,3377
Ngoma ,Rukira,Nyaruvumu HP,1962
Gicumbi ,Kaniga,Nyarwambu HP,2611
Nyamagabe ,Nkomane,Nyarwungo CS,111
Nyagatare ,RWEMPASHA,Nyendo (Nyagatare) PS,644
Rusizi ,Nzahaha,Nyenji HP,2946
Kicukiro ,Kigarama,Nyinawajambo HP,3084
Ngoma ,Rukira,Nyinya HP,1963
Gicumbi ,Byumba,Nyiragasuruba HP,1825
Bugesera ,Nyamata,Nyiramatuntu HP,2717
Musanze ,Kinigi,Nyonirima HP,2605
Gakenke ,Rusasa,Nyundo (gakenke) CS,299
Rubavu ,Nyundo,Nyundo (rubavu) CS,204
Bugesera ,Rweru,Nzangwa CS,455
Karongi ,Murundi,Nzaratsi HP,1889
Rwamagana ,Nzige,Nzige CS,361
Gasabo ,Kimihurura,Nziza HP,3023
Nyarugenge ,Kanyinya,NZOVE HP,2051
Gasabo ,Rusororo,Odenwald HP,3291
Gisagara ,Muganza,Odette HP,3101
Nyarugenge ,Gitega,Odonto Stomatologie Clin,2189
Rusizi ,Kamembe,Orion Clin,2557
Gasabo ,Rusororo,Palliative Care Center,1366
Bugesera ,Nyamata,Pasteur Clinic,3393
Gakenke ,Gakenke,Peace (Gakenke) Clin,2372
Muhanga ,Nyamabuye,Peace (Nyamabuye) Clin,1447
Rusizi ,Bugarama,Pera HP,3056
Gasabo ,Remera,Physique Ltd Clinic,1542
Nyarugenge ,Nyarugenge,Pineda Dental Clin,1220
Rubavu ,Gisenyi,Plan Health Care/Lane Park Polyclinic,2977
Gasabo ,Kinyinya,Plastic surgery and Beauty Clinic,3259
Nyarugenge ,Nyamirambo,Polyclin 3 ages,1296
Kicukiro ,Kigarama,PolyClin Du Bon Berger,1221
Gasabo ,Remera,Polyclin Familiale,1293
Nyarugenge ,Muhima,PolyClin La Biomed,1223
Nyarugenge ,Nyarugenge,PolyClin Med Naroda,1224
Nyarugenge ,Nyamirambo,Polyclin Saint Jean CLIN,1361
Gasabo ,Remera,Polyclinic du Plateau,655
Bugesera ,Nyamata,Polyclinic El-Gadol,3252
Huye ,Ngoma (Huye District),Polyclinic la Medicale de Huye CLIN,1402
Musanze ,Muhoza,Polyclinic la Medicale de Musanze,1364
Rubavu ,Gisenyi,Polyclinic la Medicale de Rubavu,2530
Nyarugenge ,Muhima,Polyclinique de l'Etoile,1543
Gasabo ,Remera,Polyclinique Familiale Clin,1135
Nyarugenge ,Muhima,Polyclinique Medico Sociale,1132
Bugesera ,Gashora,POSTE DE SANTE ISANGE DE MWENDO Ltd,3311
Gasabo ,Bumbogo,Primo Clin,2157
Gisagara ,Gishubi,Prize HP,3295
Musanze ,Muhoza,Proomnibus Clinic,1539
Gakenke ,Minazi,Raba HP,1778
Gisagara ,Mamba,Ramba  HP,2484
Nyaruguru ,Mata,Ramba (Nyaruguru) HP,2473
Musanze ,Cyuve,Ramba Community Clinic Ltd,3200
Ngororero ,KAVUMU,Ramba CS,233
Nyabihu ,Rambura,Rambura CS,218
Bugesera ,Gashora,Ramiro SGHP,1697
Nyamasheke ,Rangiro,Rangiro CS,268
Huye ,Tumba (Huye),Rango CS,91
Bugesera ,Mareba,Rango HP,1703
Kamonyi ,Runda,Rapha (Kamonyi) Clinic,1582
Nyagatare ,Nyagatare,Rapha (Nyagatare) Clin,2357
Nyagatare ,Nyagatare,RAPHA CLINIC,2917
Gasabo ,Kimironko,Rapha Medical Clinic,1691
Rusizi ,Bweyeye,Rasano HP,2119
Rwamagana ,Muhazi,RCS Training School CS,3385
Rwamagana ,Mwulire,Rebero (Mwulire) HP,3345
Kicukiro ,Kigarama,Rebero Adventist Polyclinic,2759
Nyarugenge ,Mageragere,Rehoboth HP,3318
Rutsiro ,Boneza,Remera (Boneza) HP,2804
Gasabo ,Remera,Remera (Gasabo) MHC,23
Gisagara ,Nyanza,Remera (Gisagara) HP,2420
Nyamagabe ,Gasaka,Remera (Kigeme) HP,2847
Muhanga ,Kiyumba,Remera (Kiyumba) HP,2449
Gicumbi ,Manyagiro,Remera (Manyagiro) HP,3039
Gisagara ,Muganza,Remera (Muganza)HP,2582
Ngoma ,Remera (Ngoma  District),Remera (Ngoma) CS,440
Ruhango ,Kabagali,Remera (ruhango) HP,2616
Nyaruguru ,Ruheru,Remera (Ruheru) HP,2433
Rutsiro ,Rusebeya,Remera (Rusebeya) HP,2132
Kamonyi ,Rukoma,Remera Rukoma CS,152
Kamonyi ,Rukoma,Remera Rukoma DH,153
Rulindo ,Ngoma (Rulindo),Remera-mbogo CS,278
Nyamasheke ,Kanjongo,Right Kigoya HP,2962
Bugesera ,Rilima,Rilima CS,457
Bugesera ,Rilima,Rilima Orthopedic Center,1359
Nyarugenge ,Muhima,Rilima Orthopedic Center-CRPF(Kigali Branch),3236
Nyagatare ,Karangazi,Rubagabaga HP,2501
Rubavu ,Gisenyi,Rubavu Prison,205
Gicumbi ,Rubaya,Rubaya (gicumbi) CS,348
Ngororero ,MUHANDA,Rubaya (ngororera) CS,234
Karongi ,Rwankuba,Rubazo HP,1890
Karongi ,Rubengera,Rubengera CS,174
Kayonza ,Kabare,Rubimba HP,3017
Ruhango ,Bweramana,RUBONA (BWERAMANA) HP,2094
Huye ,Rusatira,Rubona (huye) CS,92
Gisagara ,Kigembe,Rubona (Kigembe) HP,2578
Ruhango ,Kinazi (Ruhango  District),Rubona (Kinazi) HP,2614
Ngoma ,Kibungo,Rubona (ngoma) CS,628
Nyaruguru ,Ngoma (Nyaruguru),Rubona (Ngoma) HP,2430
Ngororero ,GATUMBA,Rubona (ngororera) CS,235
Rubavu ,Nyamyumba,RUBONA (NYAMYUMBA) HP,2082
Nyanza ,Cyabakamyi,Rubona (Nyanza) HP,2418
Rwamagana ,Rubona,Rubona (rwamagana) CS,362
Gatsibo ,Kiziguro,Rubona HP,1519
Gisagara ,Kansi,Rubona HP,2485
Burera ,Nemba (Burera),Rubona HP,2549
Rusizi ,Rwimbogo,Rubugu HP,3057
Karongi ,Rwankuba,Rubumba A HP,2736
Gasabo ,Ndera,Rubungo CS,28
Gasabo ,Ndera,Rudashya HP,3357
Rulindo ,CYINZUZI,Rudogo HP,2161
Karongi ,Rugabano,Rufungo CS,175
Karongi ,Gashari,Rugabano CS,176
Burera ,Rwerere,Rugali HP,1755
Nyamasheke ,Cyato,RUGALI HP,3239
Gasabo ,Kimihurura,Rugando HP,2713
Huye ,Mbazi,Rugango HP,2583
Gatsibo ,Rugarama (Gatsibo District),Rugarama (gatsibo) CS,401
Kirehe ,Kigina,Rugarama (KIGINA) HP,1919
Kirehe ,Nasho,Rugarama (Nasho) HP,2603
Nyarugenge ,Nyamirambo,Rugarama (nyarugenge) CS,11
Rwamagana ,Nzige,Rugarama (Nzige) HP,2630
Burera ,Rugarama,Rugarama (RUGARAMA) HP,1756
Burera ,Rugarama,Rugarama CS,1641
Nyagatare ,Musheri,Rugarama I HP,3060
Huye ,Kigoma (Huye District),Rugarama-Kigoma HP,3128
Nyagatare ,MIMURI,Rugari (Mimuri) HP,2502
Nyagatare ,Katabagemu,Rugazi HP,2503
Nyamagabe ,Gatare,Rugege CS,112
Muhanga ,Rugendabari,Rugendabali CS,1321
Nyarugenge ,Mageragere,Rugendabari (Mageragere) HP,3390
Rwamagana ,Nyakaliro,Rugende Nyakaliro HP,3005
Burera ,Rugengabari,Rugengabali HP,1757
Nyarugenge ,Muhima,Rugenge HP,3076
Rubavu ,Rugerero,Rugerero CS,2864
Gicumbi ,Mukarange,Rugerero HP,2519
Gakenke ,Kivuruga,Rugimbu (Karuhunge) HP,2877
Gisagara ,Gishubi,Rugogwe HP,2442
Nyaruguru ,Ruramba,RUGOGWE HP,2066
Bugesera ,Mwogo,Rugunga HP,1707
Burera ,Rusarabuye,Ruhanga HP,1758
Gasabo ,Gisozi,Ruhango (Gisozi) PS,1601
Muhanga ,Rongi,Ruhango (RONGI) HP,1938
Ruhango ,Ruhango,Ruhango CS,126
Gasabo ,Gisozi,Ruhango Ineza HP,3245
Ruhango ,Kinazi (Ruhango  District),Ruhango PH,1277
Huye ,Ruhashya,Ruhashya CS,93
Gicumbi ,Byumba,Ruhenda CS,349
Musanze ,Muhoza,Ruhengeri L2TH,317
Nyamasheke ,Kanjongo,Ruheru (kanjongo Nyamasheke) CS,269
Nyaruguru ,Ruheru,Ruheru CS,78
Gakenke ,Kivuruga,Ruhinga (Kivuruga) HP,504
Nyaruguru ,Nyabimata,Ruhinga (Nyabimata) HP,2972
Burera ,Gitovu,Ruhombo CS,1279
Bugesera ,Ruhuha,Ruhuha (RUHUHA) HP,1722
Bugesera ,Ruhuha,Ruhuha CS,458
Gatsibo ,Kabarore,Ruhuha HP,1520
Rwamagana ,Gishali,Ruhunda CS,363
Burera ,Ruhunde,Ruhunde CS,331
Nyamagabe ,Kibirizi (Nyamagabe District),Ruhunga HP,2619
Ngororero ,NGORORERO,Ruhunga HP,2634
Ngororero ,NGORORERO,Ruhunga( Torero) HP,3168
Kamonyi ,Musambira,Rukambura HP,1879
Kayonza ,Rukara,Rukara CS,413
Kayonza ,Rukara,Rukara HP,3277
Muhanga ,Mushishiro,Rukaragata HP,2538
Nyanza ,Busoro,Rukingiro (Busoro) HP,2425
Rubavu ,Rugerero,Rukingo HP,3210
Ngoma ,Murama (Ngoma  District),Rukira CS,441
Huye ,Huye,Rukira HP,1855
Gicumbi ,Kaniga,Rukizi HP,2957
Nyabihu ,Mukamira,Rukoma (Mukamira) HP,2696
Ngoma ,Sake,Rukoma Sake CS,442
Nyagatare ,Rukomo (Nyagatare),Rukomo CS,382
Gicumbi ,Rukomo (Gicumbi),Rukomo HP,1826
Nyagatare ,Rukomo (Nyagatare),Rukomo II HP,2504
Gakenke ,Kamubuga,Rukore (Gakenke) HP,3232
Nyaruguru ,Muganza (Nyaruguru District),RUKORE HP,2067
Rulindo ,RUKOZO,Rukozo CS,279
Rubavu ,Rugerero,Rukukumbo HP,3344
Ngoma ,Rukumberi,Rukumberi CS,443
Gakenke ,Gashenyi,Rukura CS,300
Gicumbi ,Kaniga,Rukurura HP,2958
Gakenke ,Ruli,Ruli CS,301
Gakenke ,Ruli,Ruli DH,302
Bugesera ,Musenyi,Rulindo (Musenyi) SGHP,2679
Rulindo ,MBOGO,Rulindo CS,280
Burera ,Rwerere,Runconsho HP,1759
Rutsiro ,Ruhango (Rutsiro  District),Rundoyi HP,3042
Musanze ,Busogo,Rungu Gatovu HP,3360
Burera ,Gitovu,Runoga HP,1760
Rwamagana ,Gahengeri,Runyinya (Gahengeri) HP,1969
Gisagara ,Mukindo,Runyinya HP,2436
Nyaruguru ,Busanze,Runyombyi CS,79
Nyarugenge ,Mageragere,Runzenze HP,2990
Karongi ,Rubengera,Ruragwe HP,2592
Nyaruguru ,Ruramba,Ruramba CS,80
Kayonza ,Ruramira,Ruramira CS,414
Nyanza ,Nyagisozi,RURANGAZI HP,2931
Gakenke ,Rusasa,Rurembo (Rusasa) HP,2951
Nyabihu ,Rurembo,Rurembo CS,219
Burera ,Rugarama,Rurembo HP,1761
Kayonza ,Murama,Rurenge ( Murama) HP,3319
Rulindo ,MBOGO,Rurenge (Mbogo) HP,2703
Ngoma ,Murama (Ngoma  District),Rurenge (Murama Kibungo) HP,3394
Bugesera ,Mwogo,Rurenge (Mwogo) HP,3046
Nyagatare ,Rukomo (Nyagatare),Rurenge CS,383
Nyagatare ,Rukomo (Nyagatare),Rurenge HP,1986
Huye ,Ngoma (Huye District),Rusa.Germain48 HP,3164
Gakenke ,Gakenke,Rusagara (Gakenke) HP,3300
Gisagara ,Kigembe,Rusagara (Kigembe) HP,3171
Burera ,Kivuye,Rusasa CS,332
Gicumbi ,Nyankenke,Rusasa HP,2808
Huye ,Rusatira,Rusatira-kinazi CS,94
Kayonza ,Murama,Rusave PS,1620
Nyaruguru ,Rusenge,RUSENGE HP,2069
Kayonza ,Kabarondo,Rusesa HP,3105
Gicumbi ,Rushaki,Rushaki CS,350
Burera ,Nemba (Burera),Rushara HP,2550
Gakenke ,Rushashi,Rushashi CS,303
Kayonza ,Kabare,Rushenyi HP,1522
Kicukiro ,Masaka,Rusheshe HP,1908
Rubavu ,Bugeshi,Rusiza HP,3227
Rusizi ,Kamembe,Rusizi Military Clinic,1669
Rusizi ,Kamembe,Rusizi Prison,584
Gakenke ,Muzo,Rusoro CS,304
Kirehe ,Nyamugari,Rusumo CS,432
Gicumbi ,Mutete,Rusumo HP,1828
Rubavu ,Busasamana (Rubavu District),Rusura (Busasamana) SGHP,3211
Rubavu ,Busasamana (Rubavu District),Rusura HP,3237
Ngororero ,NGORORERO,Rususa CS,236
Nyamagabe ,Kamegeri,RUSUSA HP,1997
Nyaruguru ,Kivu,RUSUZUMIRO HP,2070
Gakenke ,Gashenyi,Rutabo HP,1780
Gakenke ,Janja,Rutake CS,305
Nyagatare ,Nyagatare,Rutaraka HP,1523
Gicumbi ,Rutare,Rutare (Gicumbi) MHC,351
Kayonza ,Mukarange (Kayonza District),Rutare (kayonza) CS,415
Nyagatare ,RWEMPASHA,Rutare Rwempasha Hp,2505
Gakenke ,Gashenyi,Rutenderi CS,306
Gicumbi ,Nyankenke,Rutete (Nyankenke) HP,2809
Bugesera ,Rweru,Rutete HP,1726
Muhanga ,Cyeza,Rutobwe CS,140
Nyaruguru ,Cyahinda,Rutobwe HP,2788
Rulindo ,SHYORONGI,Rutonde CS,281
Rulindo ,Ngoma (Rulindo),Rutongo DH,282
Muhanga ,Kabacuzi,Rutongo HP,1939
Burera ,Kinyababa,Rutovu HP,1763
Rutsiro ,Manihira,Rutsiro CS,194
Gicumbi ,Ruvune,Ruvune CS,1345
Burera ,Cyeru,Ruyange HP,1764
Nyanza ,Ntyazo,Ruyenzi CS,52
Kayonza ,Ruramira,Ruyonza HP,3150
Musanze ,Nkotsi,Ruyumba ( Nkotsi) HP,2783
Gakenke ,Muzo,Rwa HP,2697
Kamonyi ,Rugarika,Rwabayanga Rugalika HP,3092
Kirehe ,Gatore,Rwabutazi HP,2749
Kicukiro ,Gahanga,Rwabutenge HP,3180
Gatsibo ,Kabarore,Rwagatare HP,3182
Gicumbi ,Nyankenke,Rwagihura HP,1829
Rulindo ,SHYORONGI,Rwahi CS,283
Rwamagana ,Kigabiro,Rwamagana CS,364
Rwamagana ,Kigabiro,Rwamagana L2TH,365
Rwamagana ,Muhazi,Rwamagana Prison,550
Gisagara ,Muganza,Rwamiko HP,2486
Nyarugenge ,Nyarugenge,Rwampara CS,5
Nyarugenge ,Nyarugenge,Rwanda Eye Clin,1225
Kicukiro ,Nyarugunga,Rwanda Military Hospital,34
Gasabo ,Kinyinya,Rwanda Women's Network CS,1229
Huye ,Rwaniro,Rwaniro CS,95
Nyabihu ,Mukamira,Rwankeri CS,220
Gakenke ,Rushashi,Rwankuba CS,307
Gatsibo ,Murambi (Gatsibo District),Rwankuba HP,1811
Gasabo ,Kinyinya,Rwankuba HP,2526
Kirehe ,Gatore,Rwantonde CS,1325
Kirehe ,Mushikiri,Rwanyamuhanga HP,1920
Gisagara ,Save,Rwanza HP,1430
Gatsibo ,Remera (Gatsibo District),Rwarenga HP,3331
Burera ,Gatebe,Rwasa HP,1765
Musanze ,Rwaza,Rwaza CS,318
Nyabihu ,Rurembo,RWAZA HP,1977
Musanze ,Cyuve,Rwebeya HP,3156
Nyagatare ,RWEMPASHA,Rwempasha CS,384
Nyagatare ,RWEMPASHA,Rwempasha HP,2492
Rusizi ,Nkombo,Rwenje HP,2943
Nyagatare ,Matimba,Rwentanga HP,2506
Nyagatare ,Matimba,RWENTANGA HP,2910
Nyagatare ,Musheri,Rwenyana HP,3082
Burera ,Rwerere,Rwerere CS,505
Rwamagana ,Gahengeri,Rweri HP,1524
Ruhango ,Kabagali,RWESERO (KABAGALI) HP,2095
Nyarugenge ,Kigali,Rwesero (Kigali) HP,2786
Kirehe ,Kirehe,Rwesero (Kirehe) HP,2598
Gicumbi ,Rwamiko,Rwesero CS,352
Rusizi ,Nkanka,Rweya HP,3229
Gatsibo ,Rwimbogo (Gatsibo District),Rwikiniro HP,2403
Gatsibo ,Rwimbogo (Gatsibo District),Rwimbogo CS,402
Rwamagana ,Nyakaliro,RWIMBOGO HP,2138
Kayonza ,Rukara,Rwimishinya HP,1899
Gatsibo ,Murambi (Gatsibo District),Rwimitereri CS,403
Nyagatare ,RWIMIYAGA,Rwimiyaga HP,2507
Nyagatare ,Matimba,Rwimiyaga Nyendo HP,3059
Kayonza ,Rwinkwavu,Rwinkwavu CS,416
Kayonza ,Rwinkwavu,Rwinkwavu DH,417
Nyarugenge ,Nyamirambo,Rwintare HP,2048
Ruhango ,Bweramana,RWINYANA HP,2096
Nyagatare ,Karangazi,Rwinyemera HP,2829
Rutsiro ,Kivumu,RWINYONI HP,3045
Rusizi ,Nzahaha,Rwinzuki CS,1341
Nyagatare ,Karangazi,Rwisirabo HP,2729
Nyanza ,Kibilizi,Rwotso HP,3314
Karongi ,Mutuntu,Rwufi B HP,3134
Rutsiro ,Musasa,Rwumba HP,3041
Karongi ,Rugabano,Rwungo HP,2751
Burera ,Cyanika (Burera  District),Ryabiteyi HP,2955
Huye ,Gishamvu,Ryakibogo HP,3127
Kayonza ,Murundi (Kayonza District),Ryamanyoni CS,418
Rusizi ,Nkungu,RYAMUHIRWA HP,2120
Rubavu ,Nyundo,Ryamukondo HP,2079
Nyabihu ,Kintobo,Ryinyo HP,3228
Gisagara ,Muganza,Saga HP,2398
Rusizi ,Kamembe,SAGI Clinic,1530
Gisagara ,Save,Saint Champagnat Medical Clin,2366
Nyarugenge ,Kigali,Saint Gerald Clinic,3135
Nyarugenge ,Nyamirambo,SAINT JACQUES HP,3094
Gasabo ,Remera,Saint Samuella Clin,1695
Rwamagana ,Kigabiro,Saint Simon Medical Clin,1170
Kicukiro ,Gatenga,Saint Therese (Gatenga) Clin,1677
Rwamagana ,Kigabiro,Saint Therese (Rwamagana) Clin,2978
Rubavu ,Nyakiriba,Sainte Immaculee Clin,2652
Ngoma ,Murama (Ngoma  District),Sakara HP,1966
Gasabo ,Kinyinya,Salem Clin,1558
Huye ,Ngoma (Huye District),Salus Polyclinic,1540
Ngoma ,Zaza,Sangaza CS,444
Rwamagana ,Muhazi,Sangwa HP,3355
Huye ,Ngoma (Huye District),Sangwa Polyclinic,3213
Huye ,Ngoma (Huye District),SANITIUS MEDICAL CLINIC,3262
Nyarugenge ,Nyarugenge,Sanlam Assurance,1226
Rusizi ,Bugarama,Sano Bugarama LTD Clin,3064
Karongi ,Rubengera,SANTA MEDICAL CLIN,3214
Nyarugenge ,Nyarugenge,SANTE Clinic,2818
Muhanga ,Nyamabuye,Sanus Medical Clinic,2837
Gisagara ,Gikonko,Sanzu Cyiri HP,2594
Kirehe ,Mahama,Saruhembe (Mahama) HP,2600
Gisagara ,Save,Save CS,66
Nyamasheke ,Ruharambuga,SAVE HP,2024
Rulindo ,KISARO,SAYO HP,2102
Huye ,Kinazi,Sazange HP,2585
Nyamagabe ,Musebeya,SEKERA HP,1998
Gasabo ,Nduba,SERENITY HEALTH POST,2855
Gakenke ,Kivuruga,Sereri HP,522
Gasabo ,Nduba,Sha PS,1606
Nyamagabe ,Kitabi,Shaba (nyamagabe) CS,645
Rusizi ,Gihundwe,Shagasha CS,2802
Nyabihu ,Bigogwe,Shalom Clin,2834
Nyaruguru ,Kibeho,Shammah Health Clinic,3281
Huye ,Kigoma (Huye District),SHANGA(KIGOMA) HP,3139
Nyamasheke ,Shangi,SHANGI HP,2025
Gasabo ,Nduba,Shango II HP,2963
Gasabo ,Nduba,Shango PS,1527
Nyamasheke ,Kagano,Shara HP,2140
Kicukiro ,Nyarugunga,Shema (Kicukiro) Clin,1550
Musanze ,Shingiro,Shingiro CS,319
Muhanga ,Cyeza,Sholi HP,1940
Nyagatare ,TABAGWE,SHONGA HP,1988
Nyaruguru ,Busanze,Shororo HP,2725
Gisagara ,Save,Shyanda HP,2596
Rutsiro ,Gihango,Shyembe (Gihango) HP,2824
Huye ,Maraba,Shyembe (Maraba) HP,2581
Nyamagabe ,Gatare,Shyeru HP,3339
Nyanza ,Busoro,Shyira (Busoro) HP,2424
Nyabihu ,Shyira,Shyira CS,221
Nyabihu ,Shyira,Shyira DH,222
Kayonza ,Nyamirama,Shyogo HP,3282
Muhanga ,Shyogwe,Shyogwe CS,141
Rulindo ,SHYORONGI,Shyorongi CS,284
Gasabo ,Gisozi,Silowamu Medical Clin,1503
Huye ,Simbi,Simbi CS,96
Kicukiro ,Gikondo,Sion specilized Clinic,3305
Nyagatare ,Nyagatare,Smile Care Clin,3364
Rubavu ,Gisenyi,Smile Dental Clin,2362
Gasabo ,Rusororo,Solace Ministries CS,1228
Gasabo ,Kimihurura,Solamer CLIN,1136
Gasabo ,Kacyiru,Solid Minds Counseling Clinic,2629
Musanze ,Muko,Songa HP,1952
Kayonza ,Nyamirama,SOS (Kayonza) CLIN,1414
Huye ,Huye,Sovu (Huye) CS,97
Ngororero ,SOVU,Sovu (Ngororero) CS,475
Rwamagana ,Kigabiro,Sovu(Rwamagana)HP,3137
Kicukiro ,Kigarama,St Ange Medical CLIN,1131
Bugesera ,Ntarama,St Michel Clinic,2172
Kicukiro ,Kanombe,St Moise CLIN,1137
Nyarugenge ,Nyarugenge,St Peter Bio Medical Clin,1227
Gasabo ,Gisozi,St Rita CLIN,1138
Rwamagana ,Fumbwe,st vincent de paul janjagiro hp,3003
Rusizi ,Mururu,St. Francois Rusizi CS,251
Rusizi ,Kamembe,Ste Elisabeth Clin,2169
Bugesera ,Nyamata,Stella Clin,1672
Nyamagabe ,Uwinkingi,Subukiniro HP,2467
Rutsiro ,Mushubati,Sure HP,2453
Musanze ,Muhoza,Susa PS,1629
Gakenke ,Gashenyi,Taba HP,1781
Rulindo ,Tumba (Rulindo),Taba HP,3158
Nyagatare ,TABAGWE,Tabagwe CS,385
Rubavu ,Nyamyumba,Tagaza HP,3255
Ruhango ,Ruhango,TAMBWE HP,2097
Gicumbi ,Giti,Tanda CS,353
Rusizi ,Mururu,TARA HP,2121
Huye ,Mbazi,Tare (Mbazi) HP,2776
Rulindo ,BUSHOKI,Tare CS,285
Musanze ,Nyange (Musanze),Terimbere HP,3189
Musanze ,Kinigi,Terimbere HP,3361
Nyarugenge ,Muhima,Tetero HP,2988
Nyarugenge ,Muhima,Tetero HP,3267
Gasabo ,Jabana,Tharhon Medical Clin,3208
Gasabo ,Kimironko,The Diamond Smile Dental Clinic,2760
Bugesera ,Ntarama,The Kinsley Blake Hanner (Gasore Foundation),2873
Nyaruguru ,Nyagisozi (Nyaruguru District),Toraniro HP,2974
Nyagatare ,KIYOMBE,Tovu HP,2508
Nyarugenge ,Kigali,Trac HIV Clinic,12
Musanze ,Musanze,Travailler Ensemble Medical Clinic,3307
Gasabo ,Jabana,Trinita Medical Clinic,2846
Kicukiro ,Gatenga,Trinity Medical Clinique,3122
Gicumbi ,Byumba,Trust healthcare clinic,2806
Rulindo ,BASE,Tubusigasire HP,3160
Rulindo ,Tumba (Rulindo),Tumba CS,286
Burera ,Bungwe,Tumba HP,3038
Bugesera ,Kamabuye,Tunda HP,2866
Rusizi ,Giheke,Turambi HP,3203
Bugesera ,Ngeruka,Twimpala HP,2400
Kamonyi ,Runda,UBI Caritas Clinic,3030
Kicukiro ,Kicukiro,Ubumuntu Medical Clin,2168
Kamonyi ,Runda,Ubuntu Medical Clin,3173
Gasabo ,Kimironko,Ubuzima Polyclin,1443
Nyarugenge ,Mageragere,Umubano HP,2992
Ruhango ,Ruhango,Umufasha HP,1420
Kicukiro ,Kanombe,Umugisha Rubirizi HP,3251
Nyarugenge ,Rwezamenyo,Umuhoza HP,2816
Kirehe ,Kirehe,Umuhuza Medical Clinic,2358
Gisagara ,Kansi,Umunini HP,1845
Gasabo ,Ndera,Umurage (Ndera )HP,3166
Muhanga ,Nyamabuye,Umurage Medical Clin,1642
Ruhango ,Ruhango,Umurinzi Clin,2792
Muhanga ,Shyogwe,Umurinzi Petros Medical Center Clin,3372
Kayonza ,Kabare,Umuyenzi HP,1900
Gasabo ,Kimihurura,Umwizerwa Medicare Centre Clin,1676
Musanze ,Muhoza,United Dental Clinic,3107
Bugesera ,Nyamata,Unity Clinic,3034
Nyagatare ,Nyagatare,UR Nyagatare Clinic,3178
Nyarugenge ,Nyarugenge,UR-CMHS Polyclinic,1545
Nyarugenge ,Kigali,Urban Dental Clinic,3179
Gisagara ,Muganza,Urisanga Poste de Sante ltd HP,2480
Kamonyi ,Kayenzi,Urugwiro Gihinga HP,2888
Nyagatare ,Karama (Nyagatare),Urugwirolife HP,2793
Nyarugenge ,Rwezamenyo,Urumuri (Nyarugenge) HP,3133
Nyarugenge ,Rwezamenyo,Urumuri (Rwezamenyo) II HP,2985
Nyarugenge ,Nyarugenge,Urumuri HP,3176
Gasabo ,Kinyinya,Urwego HP,3395
Nyaruguru ,Muganza (Nyaruguru District),UWACYIZA HP,2840
Nyamagabe ,Uwinkingi,Uwinkingi CS,646
Nyaruguru ,Ruheru,UWUMUSEBEYA Second Generation Health Post,3379
Nyarugenge ,Muhima,Vigile Cabinet Medical,1444
Gatsibo ,Gasange,Viro HP,2545
Kicukiro ,Masaka,VIVA Clin,3114
Rusizi ,Gashonga,Vubiro HP,2122
Nyamasheke ,Macuba,VUGANGOMA HP,2027
Ngororero ,NYANGE,Vuganyana HP,2682
Ruhango ,Mbuye,VUNGA HP,2098
Gisagara ,Ndora,Vurwa Ltd Clin,3286
Nyarugenge ,Nyarugenge,WE ACT For Hope Clin,1573
Gasabo ,Remera,WE-ACT CLINIC,1348
Nyamasheke ,Ruharambuga,WIMANA HP,2028
Nyarugenge ,Rwezamenyo,Wiringiri dentaire CLIN,1118
Kicukiro ,Kanombe,Women's Health and Fertility Clin,3269
Nyagatare ,Nyagatare,Yahshua Medical Clinic,3174
Nyaruguru ,Ruheru,Yanza HP,2055
Gicumbi ,Nyankenke,Yaramba HP,1831
Gasabo ,Rusororo,Yego Center KABUGA HP,3029
Nyamagabe ,Mugano,YONDE HP,2000
Nyamasheke ,Cyato,Yove CS,270
Ngoma ,Zaza,Zaza CS,445
Rwamagana ,Munyaga,Zinga HP,2967
Gisagara ,Save,Zivu HP,2487